en,ja,ko,zh,zh-Hant,th,es,fr,de,it,pt,ru,nl
schedule,スケジュール,일정,日程,日程,ตารางเวลา,horario,emploi du temps,Zeitplan,programma,horário,расписание,schema
appointment,アポイントメント,약속,预约,預約,นัดหมาย,cita,rendez-vous,Termin,appuntamento,marcação,встреча,afspraak
meeting,会議（かいぎ）,회의,会议,會議,การประชุม,reunión,réunion,Besprechung,riunione,reunião,совещание,vergadering
attend,出席する（しゅっせきする）,참석하다,出席,出席,เข้าร่วม,asistir,assister à,teilnehmen,partecipare,participar,присутствовать,bijwonen
confirm,確認する（かくにんする）,확인하다,确认,確認,ยืนยัน,confirmar,confirmer,bestätigen,confermare,confirmar,подтверждать,bevestigen
cancel,キャンセルする,취소하다,取消,取消,ยกเลิก,cancelar,annuler,stornieren,cancellare,cancelar,отменять,annuleren
delay,遅延（ちえん）,지연,延误,延誤,ความล่าช้า,retraso,retard,Verspätung,ritardo,atraso,задержка,vertraging
deadline,締め切り（しめきり）,마감일,截止日期,截止日期,กำหนดส่ง,fecha límite,date limite,Frist,scadenza,prazo,крайний срок,deadline
refund,返金（へんきん）,환불,退款,退款,การคืนเงิน,reembolso,remboursement,Rückerstattung,rimborso,reembolso,возврат денег,terugbetaling
receipt,領収書（りょうしゅうしょ）,영수증,收据,收據,ใบเสร็จ,recibo,reçu,Quittung,ricevuta,recibo,квитанция,kassabon
invoice,請求書（せいきゅうしょ）,청구서,发票,發票,ใบแจ้งหนี้,factura,facture,Rechnung,fattura,fatura,счёт-фактура,factuur
warranty,保証（ほしょう）,보증,保修,保固,การรับประกัน,garantía,garantie,Garantie,garanzia,garantia,гарантия,garantie
shipment,発送（はっそう）,배송,发货,出貨,การจัดส่ง,envío,expédition,Sendung,spedizione,envio,отправка,verzending
delivery,配達（はいたつ）,배달,送货,送貨,การส่งของ,entrega,livraison,Lieferung,consegna,entrega,доставка,levering
inventory,在庫（ざいこ）,재고,库存,庫存,สินค้าคงคลัง,inventario,stock,Lagerbestand,inventario,inventário,запасы,voorraad
supplier,供給業者（きょうきゅうぎょうしゃ）,공급업체,供应商,供應商,ผู้จัดหา,proveedor,fournisseur,Lieferant,fornitore,fornecedor,поставщик,leverancier
customer,顧客（こきゃく）,고객,顾客,顧客,ลูกค้า,cliente,client,Kunde,cliente,cliente,клиент,klant
employee,従業員（じゅうぎょういん）,직원,员工,員工,พนักงาน,empleado,employé,Angestellter,dipendente,funcionário,сотрудник,werknemer
employer,雇用主（こようぬし）,고용주,雇主,雇主,นายจ้าง,empleador,employeur,Arbeitgeber,datore di lavoro,empregador,работодатель,werkgever
colleague,同僚（どうりょう）,동료,同事,同事,เพื่อนร่วมงาน,colega,collègue,Kollege,collega,colega,коллега,collega
department,部署（ぶしょ）,부서,部门,部門,แผนก,departamento,service,Abteilung,reparto,departamento,отдел,afdeling
headquarters,本社（ほんしゃ）,본사,总部,總部,สำนักงานใหญ่,sede central,siège social,Hauptsitz,sede centrale,sede,штаб-квартира,hoofdkantoor
branch,支店（してん）,지점,分店,分店,สาขา,sucursal,succursale,Filiale,filiale,filial,филиал,filiaal
salary,給料（きゅうりょう）,급여,工资,薪水,เงินเดือน,salario,salaire,Gehalt,stipendio,salário,зарплата,salaris
promotion,昇進（しょうしん）,승진,晋升,晉升,การเลื่อนตำแหน่ง,ascenso,promotion,Beförderung,promozione,promoção,повышение,promotie
retire,退職する（たいしょくする）,은퇴하다,退休,退休,เกษียณ,jubilarse,prendre sa retraite,in Rente gehen,andare in pensione,reformar-se,выходить на пенсию,met pensioen gaan
resign,辞職する（じしょくする）,사직하다,辞职,辭職,ลาออก,renunciar,démissionner,kündigen,dimettersi,demitir-se,увольняться,ontslag nemen
hire,雇う（やとう）,고용하다,雇用,雇用,จ้าง,contratar,embaucher,einstellen,assumere,contratar,нанимать,aannemen
recruit,採用する（さいようする）,채용하다,招聘,招聘,รับสมัคร,reclutar,recruter,rekrutieren,reclutare,recrutar,набирать,werven
application,応募（おうぼ）,지원서,申请,申請,ใบสมัคร,solicitud,candidature,Bewerbung,candidatura,candidatura,заявка,sollicitatie
resume,履歴書（りれきしょ）,이력서,简历,履歷,เรซูเม่,currículum,CV,Lebenslauf,curriculum,currículo,резюме,cv
interview,面接（めんせつ）,면접,面试,面試,การสัมภาษณ์,entrevista,entretien,Vorstellungsgespräch,colloquio,entrevista,собеседование,sollicitatiegesprek
contract,契約（けいやく）,계약,合同,合約,สัญญา,contrato,contrat,Vertrag,contratto,contrato,контракт,contract
agreement,合意（ごうい）,합의,协议,協議,ข้อตกลง,acuerdo,accord,Vereinbarung,accordo,acordo,соглашение,overeenkomst
negotiate,交渉する（こうしょうする）,협상하다,谈判,談判,เจรจา,negociar,négocier,verhandeln,negoziare,negociar,вести переговоры,onderhandelen
budget,予算（よさん）,예산,预算,預算,งบประมาณ,presupuesto,budget,Budget,budget,orçamento,бюджет,budget
expense,経費（けいひ）,경비,费用,費用,ค่าใช้จ่าย,gasto,dépense,Ausgabe,spesa,despesa,расход,uitgave
revenue,収益（しゅうえき）,수익,收入,收入,รายได้,ingresos,revenu,Einnahmen,entrate,receita,доход,omzet
profit,利益（りえき）,이익,利润,利潤,กำไร,beneficio,bénéfice,Gewinn,profitto,lucro,прибыль,winst
loss,損失（そんしつ）,손실,损失,損失,ขาดทุน,pérdida,perte,Verlust,perdita,perda,убыток,verlies
invest,投資する（とうしする）,투자하다,投资,投資,ลงทุน,invertir,investir,investieren,investire,investir,инвестировать,investeren
account,口座（こうざ）,계좌,账户,帳戶,บัญชี,cuenta,compte,Konto,conto,conta,счёт,rekening
discount,割引（わりびき）,할인,折扣,折扣,ส่วนลด,descuento,réduction,Rabatt,sconto,desconto,скидка,korting
purchase,購入する（こうにゅうする）,구매하다,购买,購買,จัดซื้อ,adquirir,acheter,erwerben,acquistare,adquirir,приобретать,aanschaffen
order,注文（ちゅうもん）,주문,订单,訂單,คำสั่งซื้อ,pedido,commande,Bestellung,ordine,encomenda,заказ,bestelling
estimate,見積もり（みつもり）,견적,估价,估價,การประเมินราคา,estimación,devis,Kostenvoranschlag,preventivo,estimativa,смета,offerte
install,設置する（せっちする）,설치하다,安装,安裝,ติดตั้ง,instalar,installer,installieren,installare,instalar,устанавливать,installeren
repair,修理する（しゅうりする）,수리하다,修理,修理,ซ่อม,reparar,réparer,reparieren,riparare,reparar,ремонтировать,repareren
maintenance,保守（ほしゅ）,유지보수,维护,維護,การบำรุงรักษา,mantenimiento,maintenance,Wartung,manutenzione,manutenção,техобслуживание,onderhoud
equipment,設備（せつび）,장비,设备,設備,อุปกรณ์,equipo,équipement,Ausrüstung,attrezzatura,equipamento,оборудование,apparatuur
facility,施設（しせつ）,시설,设施,設施,สิ่งอำนวยความสะดวก,instalación,installation,Einrichtung,struttura,instalação,объект,faciliteit
warehouse,倉庫（そうこ）,창고,仓库,倉庫,โกดัง,almacén,entrepôt,Lagerhaus,magazzino,armazém,склад,magazijn
manufacture,製造する（せいぞうする）,제조하다,制造,製造,ผลิต,fabricar,fabriquer,herstellen,produrre,fabricar,производить,produceren
quality,品質（ひんしつ）,품질,质量,品質,คุณภาพ,calidad,qualité,Qualität,qualità,qualidade,качество,kwaliteit
inspection,検査（けんさ）,검사,检查,檢查,การตรวจสอบ,inspección,inspection,Inspektion,ispezione,inspeção,инспекция,inspectie
regulation,規制（きせい）,규제,规定,規定,กฎระเบียบ,regulación,réglementation,Vorschrift,regolamento,regulamento,регулирование,regelgeving
policy,方針（ほうしん）,정책,政策,政策,นโยบาย,política,politique,Richtlinie,politica,política,политика,beleid
procedure,手続き（てつづき）,절차,程序,程序,ขั้นตอน,procedimiento,procédure,Verfahren,procedura,procedimento,процедура,procedure
announce,発表する（はっぴょうする）,발표하다,宣布,宣布,ประกาศ,anunciar,annoncer,bekannt geben,annunciare,anunciar,объявлять,aankondigen
notify,通知する（つうちする）,통지하다,通知,通知,แจ้ง,notificar,notifier,benachrichtigen,notificare,notificar,уведомлять,informeren
respond,返答する（へんとうする）,응답하다,回复,回覆,ตอบ,responder,répondre,antworten,rispondere,responder,отвечать,reageren
request,要請（ようせい）,요청,请求,請求,คำขอ,petición,demande,Anforderung,richiesta,pedido,запрос,verzoek
require,必要とする（ひつようとする）,요구하다,要求,要求,ต้องการ,requerir,exiger,erfordern,richiedere,exigir,требовать,vereisen
approve,承認する（しょうにんする）,승인하다,批准,批准,อนุมัติ,aprobar,approuver,genehmigen,approvare,aprovar,одобрять,goedkeuren
reject,却下する（きゃっかする）,거절하다,拒绝,拒絕,ปฏิเสธ,rechazar,rejeter,ablehnen,respingere,rejeitar,отклонять,afwijzen
postpone,延期する（えんきする）,연기하다,推迟,延期,เลื่อนออกไป,posponer,reporter,verschieben,rinviare,adiar,откладывать,uitstellen
itinerary,旅程（りょてい）,여행 일정,行程,行程,กำหนดการเดินทาง,itinerario,itinéraire,Reiseplan,itinerario,itinerário,маршрут,reisschema
reservation,予約（よやく）,예약,预订,預訂,การจอง,reserva,réservation,Reservierung,prenotazione,reserva,бронирование,reservering
boarding,搭乗（とうじょう）,탑승,登机,登機,การขึ้นเครื่อง,embarque,embarquement,Einstieg,imbarco,embarque,посадка,instappen
luggage,荷物（にもつ）,수하물,行李,行李,กระเป๋าเดินทาง,equipaje,bagages,Gepäck,bagaglio,bagagem,багаж,bagage
destination,目的地（もくてきち）,목적지,目的地,目的地,จุดหมายปลายทาง,destino,destination,Ziel,destinazione,destino,пункт назначения,bestemming
transfer,乗り換え（のりかえ）,환승,换乘,轉乘,การต่อรถ,transbordo,correspondance,Umstieg,trasbordo,transbordo,пересадка,overstap
commute,通勤する（つうきんする）,통근하다,通勤,通勤,เดินทางไปทำงาน,desplazarse al trabajo,faire la navette,pendeln,fare il pendolare,deslocar-se para o trabalho,ездить на работу,pendelen
vehicle,車両（しゃりょう）,차량,车辆,車輛,ยานพาหนะ,vehículo,véhicule,Fahrzeug,veicolo,veículo,транспортное средство,voertuig
pedestrian,歩行者（ほこうしゃ）,보행자,行人,行人,คนเดินเท้า,peatón,piéton,Fußgänger,pedone,peão,пешеход,voetganger
construction,建設（けんせつ）,건설,建设,建設,การก่อสร้าง,construcción,construction,Bau,costruzione,construção,строительство,bouw
renovation,改装（かいそう）,개조,翻新,翻新,การปรับปรุง,renovación,rénovation,Renovierung,ristrutturazione,renovação,реконструкция,renovatie
real estate,不動産（ふどうさん）,부동산,房地产,房地產,อสังหาริมทรัพย์,bienes raíces,immobilier,Immobilien,immobiliare,imobiliário,недвижимость,vastgoed
lease,賃貸契約（ちんたいけいやく）,임대차 계약,租赁,租賃,สัญญาเช่า,arrendamiento,bail,Mietvertrag,locazione,arrendamento,аренда,huurcontract
tenant,賃借人（ちんしゃくにん）,세입자,租户,租戶,ผู้เช่า,inquilino,locataire,Mieter,inquilino,inquilino,арендатор,huurder
landlord,大家（おおや）,집주인,房东,房東,เจ้าของบ้านเช่า,propietario,propriétaire,Vermieter,proprietario,senhorio,арендодатель,verhuurder
utility,公共料金（こうきょうりょうきん）,공과금,水电费,水電費,ค่าน้ำค่าไฟ,servicios públicos,charges,Nebenkosten,utenze,serviços públicos,коммунальные услуги,nutsvoorzieningen
appliance,家電（かでん）,가전제품,家电,家電,เครื่องใช้ไฟฟ้า,electrodoméstico,appareil ménager,Haushaltsgerät,elettrodomestico,eletrodoméstico,бытовая техника,huishoudelijk apparaat
furniture,家具（かぐ）,가구,家具,家具,เฟอร์นิเจอร์,muebles,meubles,Möbel,mobili,móveis,мебель,meubels
stationery,文房具（ぶんぼうぐ）,문구류,文具,文具,เครื่องเขียน,papelería,papeterie,Schreibwaren,cancelleria,material de escritório,канцтовары,kantoorartikelen
subscription,定期購読（ていきこうどく）,구독,订阅,訂閱,การสมัครสมาชิก,suscripción,abonnement,Abonnement,abbonamento,assinatura,подписка,abonnement
advertisement,広告（こうこく）,광고,广告,廣告,โฆษณา,anuncio,publicité,Werbung,pubblicità,anúncio,реклама,advertentie
brochure,パンフレット,팸플릿,宣传册,宣傳冊,โบรชัวร์,folleto,brochure,Broschüre,opuscolo,brochura,брошюра,brochure
exhibition,展示会（てんじかい）,전시회,展览,展覽,นิทรรศการ,exposición,exposition,Ausstellung,mostra,exposição,выставка,tentoonstelling
launch,発売する（はつばいする）,출시하다,推出,推出,เปิดตัว,lanzar,lancer,auf den Markt bringen,lanciare,lançar,запускать,lanceren
merger,合併（がっぺい）,합병,合并,合併,การควบรวมกิจการ,fusión,fusion,Fusion,fusione,fusão,слияние,fusie
shareholder,株主（かぶぬし）,주주,股东,股東,ผู้ถือหุ้น,accionista,actionnaire,Aktionär,azionista,acionista,акционер,aandeelhouder
accounting,会計（かいけい）,회계,会计,會計,การบัญชี,contabilidad,comptabilité,Buchhaltung,contabilità,contabilidade,бухгалтерия,boekhouding
attach,添付する（てんぷする）,첨부하다,附上,附上,แนบ,adjuntar,joindre,anhängen,allegare,anexar,прикреплять,bijvoegen
inquiry,問い合わせ（といあわせ）,문의,咨询,諮詢,การสอบถาม,consulta,demande de renseignements,Anfrage,richiesta di informazioni,consulta,запрос информации,aanvraag
available,利用可能な（りようかのうな）,이용 가능한,可用的,可用的,พร้อมใช้งาน,disponible,disponible,verfügbar,disponibile,disponível,доступный,beschikbaar
efficient,効率的な（こうりつてきな）,효율적인,高效的,高效的,มีประสิทธิภาพ,eficiente,efficace,effizient,efficiente,eficiente,эффективный,efficiënt
urgent,緊急の（きんきゅうの）,긴급한,紧急的,緊急的,เร่งด่วน,urgente,urgent,dringend,urgente,urgente,срочный,dringend
annual,年次の（ねんじの）,연간의,年度的,年度的,ประจำปี,anual,annuel,jährlich,annuale,anual,ежегодный,jaarlijks
temporary,一時的な（いちじてきな）,임시의,临时的,臨時的,ชั่วคราว,temporal,temporaire,vorübergehend,temporaneo,temporário,временный,tijdelijk
stakeholder,利害関係者（りがいかんけいしゃ）,이해관계자,利益相关者,利益相關者,ผู้มีส่วนได้ส่วนเสีย,parte interesada,partie prenante,Interessenvertreter,parte interessata,parte interessada,заинтересованная сторона,belanghebbende
subsidiary,子会社（こがいしゃ）,자회사,子公司,子公司,บริษัทในเครือ,filial subsidiaria,filiale,Tochtergesellschaft,società controllata,subsidiária,дочерняя компания,dochteronderneming
conglomerate,複合企業（ふくごうきぎょう）,대기업 집단,企业集团,企業集團,กลุ่มบริษัทขนาดใหญ่,conglomerado,conglomérat,Mischkonzern,conglomerato,conglomerado,конгломерат,conglomeraat
startup,新興企業（しんこうきぎょう）,스타트업,初创公司,初創公司,ธุรกิจสตาร์ทอัพ,empresa emergente,jeune pousse,Start-up,startup,startup,стартап,startup
entrepreneur,起業家（きぎょうか）,기업가,创业者,創業者,ผู้ประกอบการ,emprendedor,entrepreneur,Unternehmer,imprenditore,empreendedor,предприниматель,ondernemer
franchise,フランチャイズ,프랜차이즈,特许经营,特許經營,แฟรนไชส์,franquicia,franchise,Franchise,franchising,franquia,франшиза,franchise
partnership,提携（ていけい）,파트너십,合伙关系,合夥關係,หุ้นส่วน,sociedad asociación,partenariat,Partnerschaft,partenariato,parceria,партнёрство,partnerschap
proprietor,経営者所有者（けいえいしゃしょゆうしゃ）,사업주,业主,業主,เจ้าของกิจการ,dueño de negocio,propriétaire exploitant,Inhaber,titolare,proprietário,владелец,eigenaar
executive,幹部（かんぶ）,임원,高管,高管,ผู้บริหารระดับสูง,ejecutivo,cadre dirigeant,Führungskraft,dirigente,executivo,руководитель,directielid
board,取締役会（とりしまりやくかい）,이사회,董事会,董事會,คณะกรรมการบริษัท,junta directiva,conseil d'administration,Vorstand,consiglio di amministrazione,conselho de administração,совет директоров,raad van bestuur
chairman,会長（かいちょう）,회장,董事长,董事長,ประธานกรรมการ,presidente del consejo,président du conseil,Vorsitzender,presidente del consiglio,presidente do conselho,председатель,voorzitter
director,取締役（とりしまりやく）,이사,董事,董事,กรรมการผู้อำนวยการ,director,directeur,Direktor,direttore,diretor,директор,directeur
manager,管理者（かんりしゃ）,관리자,经理,經理,ผู้จัดการ,gerente,responsable,Manager,responsabile,gerente,менеджер,manager
supervisor,監督者（かんとくしゃ）,감독관,主管,主管,หัวหน้างาน,supervisor,superviseur,Vorgesetzter,supervisore,supervisor,руководитель отдела,leidinggevende
subordinate,部下（ぶか）,부하 직원,下属,下屬,ผู้ใต้บังคับบัญชา,subordinado,subordonné,Untergebener,subordinato,subordinado,подчинённый,ondergeschikte
personnel,人員職員（じんいんしょくいん）,인사 인력,人员,人員,บุคลากร,personal,personnel,Personal,personale,pessoal,персонал,personeel
workforce,労働力（ろうどうりょく）,노동력,劳动力,勞動力,กำลังแรงงาน,plantilla laboral,main-d'œuvre,Belegschaft,forza lavoro,força de trabalho,рабочая сила,personeelsbestand
turnover,離職率売上高（りしょくりつうりあげだか）,이직률 매출액,营业额离职率,營業額離職率,อัตราการลาออกยอดขาย,rotación facturación,rotation chiffre d'affaires,Fluktuation Umsatz,rotazione fatturato,rotatividade faturação,оборот текучесть,verloop omzet
overtime,残業（ざんぎょう）,초과 근무,加班,加班,การทำงานล่วงเวลา,horas extra,heures supplémentaires,Überstunden,straordinario,horas extra,сверхурочные,overwerk
shift,交代勤務（こうたいきんむ）,교대 근무,轮班,輪班,กะการทำงาน,turno,poste de travail,Schicht,turno di lavoro,turno,смена,dienst ploeg
wage,賃金（ちんぎん）,임금,工钱,工錢,ค่าจ้าง,jornal,salaire horaire,Lohn,paga oraria,ordenado,заработная плата,loon
payroll,給与支払簿（きゅうよしはらいぼ）,급여 대장,工资单,工資單,บัญชีเงินเดือน,nómina,paie,Gehaltsabrechnung,libro paga,folha de pagamento,платёжная ведомость,loonlijst
bonus,賞与（しょうよ）,상여금,奖金,獎金,โบนัส,bonificación,prime,Bonus,gratifica,bónus,премия,bonus
commission,歩合手数料（ぶあいてすうりょう）,수수료 커미션,佣金,佣金,ค่าคอมมิชชั่น,comisión,commission,Provision,commissione,comissão,комиссионные,commissie
severance,退職金（たいしょくきん）,퇴직 수당,遣散费,遣散費,เงินชดเชยการเลิกจ้าง,indemnización por despido,indemnité de départ,Abfindung,indennità di fine rapporto,indemnização por despedimento,выходное пособие,ontslagvergoeding
layoff,一時解雇（いちじかいこ）,정리 해고,裁员,裁員,การปลดพนักงาน,despido,licenciement,Entlassung,licenziamento,despedimento,увольнение сокращение,ontslag
downsizing,人員削減（じんいんさくげん）,인력 감축,缩减规模,縮減規模,การลดขนาดองค์กร,reducción de plantilla,réduction des effectifs,Personalabbau,ridimensionamento,redução de pessoal,сокращение штата,inkrimping
outsourcing,外部委託（がいぶいたく）,아웃소싱,外包,外包,การจ้างงานภายนอก,externalización,externalisation,Auslagerung,esternalizzazione,terceirização,аутсорсинг,uitbesteding
offshore,海外移転の（かいがいいてんの）,해외의 역외의,离岸的,離岸的,นอกประเทศ,deslocalizado,délocalisé offshore,im Ausland ansässig,offshore,offshore,офшорный,offshore
relocation,移転（いてん）,이전,搬迁,搬遷,การย้ายที่ตั้ง,traslado reubicación,déménagement relocalisation,Standortverlagerung,trasferimento,realocação,переезд перемещение,verhuizing
onboarding,新人受け入れ（しんじんうけいれ）,신입 적응 교육,入职培训,入職培訓,การปฐมนิเทศพนักงานใหม่,incorporación,accueil des nouveaux employés,Einarbeitung,inserimento,integração de novos colaboradores,адаптация новичков,inwerken
mentor,指導者（しどうしゃ）,멘토,导师,導師,พี่เลี้ยง,mentor,mentor,Mentor,mentore,mentor,наставник,mentor
apprentice,見習い（みならい）,견습생,学徒,學徒,ลูกมือฝึกงาน,aprendiz,apprenti,Lehrling,apprendista,aprendiz,подмастерье,leerling
intern,インターン,인턴,实习生,實習生,นักศึกษาฝึกงาน,becario,stagiaire,Praktikant,tirocinante,estagiário,стажёр,stagiair
trainee,研修生（けんしゅうせい）,수습 직원,受训人员,受訓人員,ผู้เข้ารับการอบรม,aprendiz en formación,apprenant,Auszubildender,addestrando,formando,обучающийся,trainee
probation,試用期間（しようきかん）,수습 기간,试用期,試用期,ระยะทดลองงาน,periodo de prueba,période d'essai,Probezeit,periodo di prova,período experimental,испытательный срок,proeftijd
appraisal,人事評価（じんじひょうか）,인사 고과,绩效评估,績效評估,การประเมินผลงาน,evaluación del desempeño,évaluation,Leistungsbeurteilung,valutazione del personale,avaliação de desempenho,аттестация,functioneringsbeoordeling
productivity,生産性（せいさんせい）,생산성,生产率,生產率,ผลิตภาพ,productividad,productivité,Produktivität,produttività,produtividade,производительность,productiviteit
workflow,業務の流れ（ぎょうむのながれ）,업무 흐름,工作流程,工作流程,ลำดับงาน,flujo de trabajo,flux de travail,Arbeitsablauf,flusso di lavoro,fluxo de trabalho,рабочий процесс,werkstroom
milestone,重要な節目（じゅうようなふしめ）,중요 이정표,里程碑,里程碑,หมุดหมายสำคัญ,hito,jalon,Meilenstein,traguardo,marco,веха,mijlpaal
metric,評価指標（ひょうかしひょう）,측정 지표,衡量指标,衡量指標,ตัวชี้วัด,métrica indicador,indicateur métrique,Kennzahl,metrica,métrica,показатель метрика,meetwaarde
quota,ノルマ割当（わりあて）,할당량,配额,配額,โควตา,cuota,quota,Kontingent,quota,quota,квота,quotum
forecast,予測（よそく）,예측,预测,預測,การพยากรณ์,previsión,prévision,Prognose,previsione,previsão,прогноз,voorspelling
projection,見通し予測（みとおしよそく）,전망 추정,预估,預估,การคาดการณ์ตัวเลข,proyección,projection,Hochrechnung,proiezione,projeção,проекция расчёт,projectie
pipeline,案件パイプライン,영업 파이프라인,渠道管道,渠道管道,ช่องทางงานในมือ,cartera de proyectos,pipeline,Auftragspipeline,pipeline commerciale,funil de vendas,воронка проектов,pijplijn
portfolio,ポートフォリオ,포트폴리오,投资组合,投資組合,พอร์ตโฟลิโอ,cartera,portefeuille,Portfolio,portafoglio,portefólio,портфель,portefeuille
leverage,テコ入れ活用（テコいれかつよう）,레버리지 활용,杠杆效应,槓桿效應,การใช้ประโยชน์เชิงกลยุทธ์,apalancamiento,effet de levier,Hebelwirkung,leva finanziaria,alavancagem,леверидж рычаг,hefboomwerking
valuation,企業価値評価（きぎょうかちひょうか）,가치 평가,估值,估值,การประเมินมูลค่า,valoración,valorisation,Bewertung,valutazione aziendale,avaliação de valor,оценка стоимости,waardering
amortization,償却（しょうきゃく）,상각,摊销,攤銷,การตัดจำหน่าย,amortización,amortissement,Amortisation,ammortamento,amortização,амортизация,afschrijving
overhead,間接費（かんせつひ）,간접비,间接费用,間接費用,ค่าใช้จ่ายทางอ้อม,gastos generales,frais généraux,Gemeinkosten,spese generali,despesas gerais,накладные расходы,overheadkosten
margin,利益率（りえきりつ）,마진 이윤폭,利润率,利潤率,ส่วนต่างกำไร,margen,marge,Gewinnspanne,margine,margem,маржа,marge
markup,上乗せ価格（うわのせかかく）,가격 인상폭,加价,加價,ส่วนบวกเพิ่มราคา,margen de beneficio,majoration,Preisaufschlag,ricarico,margem de lucro,наценка,winstopslag
wholesale,卸売り（おろしうり）,도매,批发,批發,การขายส่ง,venta al por mayor,vente en gros,Großhandel,vendita all'ingrosso,venda por grosso,оптовая торговля,groothandel
retail,小売り（こうり）,소매,零售,零售,การขายปลีก,venta al por menor,vente au détail,Einzelhandel,vendita al dettaglio,venda a retalho,розничная торговля,detailhandel
vendor,販売業者（はんばいぎょうしゃ）,판매업체,供应商卖方,供應商賣方,ผู้ขายสินค้า,vendedor proveedor,vendeur,Verkäufer Anbieter,venditore,vendedor,продавец поставщик,verkoper
distributor,販売代理店（はんばいだいりてん）,유통업체,分销商,分銷商,ผู้จัดจำหน่าย,distribuidor,distributeur,Vertriebshändler,distributore,distribuidor,дистрибьютор,distributeur
logistics,物流（ぶつりゅう）,물류,物流,物流,โลจิสติกส์,logística,logistique,Logistik,logistica,logística,логистика,logistiek
procurement,調達（ちょうたつ）,조달,采购,採購,การจัดซื้อจัดหา,adquisiciones,approvisionnement,Beschaffung,approvvigionamento,aquisições,закупки,inkoop
fulfilment,注文処理（ちゅうもんしょり）,주문 이행,订单履行,訂單履行,การจัดการคำสั่งซื้อ,cumplimiento de pedidos,traitement des commandes,Auftragsabwicklung,evasione degli ordini,processamento de pedidos,выполнение заказов,orderafhandeling
backlog,受注残（じゅちゅうざん）,밀린 업무 잔량,积压订单,積壓訂單,งานค้างสะสม,pedidos pendientes,carnet de commandes,Auftragsbestand,arretrato,acumulação de pedidos,невыполненные заказы,achterstand
shortage,不足（ふそく）,부족,短缺,短缺,การขาดแคลน,escasez,pénurie,Knappheit,carenza,escassez,дефицит,tekort
overstock,過剰在庫（かじょうざいこ）,과잉 재고,库存过剩,庫存過剩,สินค้าล้นสต็อก,exceso de existencias,surstock,Überbestand,scorte in eccesso,excesso de stock,затоваривание,overtollige voorraad
consignment,委託販売（いたくはんばい）,위탁 판매,寄售,寄售,การฝากขาย,consignación,consignation,Kommission,conto vendita,consignação,консигнация,consignatie
freight,貨物運送（かもつうんそう）,화물 운송,货运,貨運,การขนส่งสินค้า,flete,fret,Fracht,merci trasportate,frete,грузоперевозка,vrachtvervoer
cargo,積み荷（つみに）,화물,货物,貨物,สินค้าบรรทุก,carga mercancía,cargaison,Ladung,carico merci,carga,груз,scheepslading
customs,税関（ぜいかん）,세관,海关,海關,ศุลกากร,aduana,douane,Zoll,dogana,alfândega,таможня,douane
embargo,通商禁止（つうしょうきんし）,금수 조치,禁运,禁運,การห้ามค้าขาย,embargo,embargo,Embargo,embargo,embargo,эмбарго,embargo
compliance,法令遵守（ほうれいじゅんしゅ）,규정 준수,合规,合規,การปฏิบัติตามกฎ,cumplimiento normativo,conformité,Regelkonformität,conformità normativa,conformidade,комплаенс соответствие,naleving
disclosure,情報開示（じょうほうかいじ）,공시 정보 공개,信息披露,資訊披露,การเปิดเผยข้อมูล,divulgación,divulgation,Offenlegung,divulgazione,divulgação,раскрытие информации,openbaarmaking
accountability,説明責任（せつめいせきにん）,책임성,问责制,問責制,ความรับผิดชอบตรวจสอบได้,rendición de cuentas,responsabilité redditionnelle,Rechenschaftspflicht,responsabilità,responsabilização,подотчётность,verantwoordingsplicht
governance,企業統治（きぎょうとうち）,지배 구조,治理,治理,ธรรมาภิบาล,gobernanza,gouvernance,Unternehmensführung,governance,governança,корпоративное управление,bestuur governance
misconduct,不正行為（ふせいこうい）,부정행위,不当行为,不當行為,การประพฤติมิชอบ,mala conducta,faute professionnelle,Fehlverhalten,cattiva condotta,má conduta,неправомерное поведение,wangedrag
bribery,贈収賄（ぞうしゅうわい）,뇌물수수,贿赂,賄賂,การติดสินบน,soborno,corruption pot-de-vin,Bestechung,corruzione,suborno,взяточничество,omkoping
embezzlement,横領（おうりょう）,횡령,挪用公款,挪用公款,การยักยอกเงิน,malversación,détournement de fonds,Unterschlagung,appropriazione indebita,desvio de fundos,растрата,verduistering
extortion,恐喝（きょうかつ）,갈취,勒索,勒索,การกรรโชกทรัพย์,extorsión,extorsion,Erpressung,estorsione,extorsão,вымогательство,afpersing
whistleblower,内部告発者（ないぶこくはつしゃ）,내부 고발자,举报人,舉報人,ผู้แจ้งเบาะแส,denunciante,lanceur d'alerte,Whistleblower,informatore,denunciante,информатор,klokkenluider
indemnity,損害補償（そんがいほしょう）,배상 보상,赔偿,賠償,การชดใช้ค่าเสียหาย,indemnización,indemnité,Entschädigung,indennità,indemnização,возмещение,schadeloosstelling
settlement,和解示談（わかいじだん）,합의 정산,和解结算,和解結算,การไกล่เกลี่ยข้อพิพาท,acuerdo extrajudicial,règlement,Vergleich,accordo transattivo,acordo judicial,урегулирование,schikking
patent,特許（とっきょ）,특허,专利,專利,สิทธิบัตร,patente,brevet,Patent,brevetto,patente,патент,octrooi
trademark,商標（しょうひょう）,상표,商标,商標,เครื่องหมายการค้า,marca registrada,marque déposée,Warenzeichen,marchio registrato,marca registada,товарный знак,handelsmerk
copyright,著作権（ちょさくけん）,저작권,版权,版權,ลิขสิทธิ์,derechos de autor,droit d'auteur,Urheberrecht,diritto d'autore,direitos de autor,авторское право,auteursrecht
royalty,使用料（しようりょう）,로열티,版税特许权使用费,版稅特許權使用費,ค่าลิขสิทธิ์,regalías,redevance,Lizenzgebühr,royalty,royalties,роялти,royalty's
licensing,ライセンス供与,라이선스 계약,授权许可,授權許可,การอนุญาตให้ใช้สิทธิ์,concesión de licencias,octroi de licence,Lizenzvergabe,concessione di licenza,licenciamento,лицензирование,licentieverlening
infringement,権利侵害（けんりしんがい）,침해,侵权,侵權,การละเมิดสิทธิ์,infracción,contrefaçon violation,Rechtsverletzung,violazione,infração,нарушение прав,inbreuk
proprietary,独占的専有の（どくせんてきせんゆうの）,독점 소유의,专有的,專有的,ที่เป็นกรรมสิทธิ์เฉพาะ,de propiedad exclusiva,propriétaire exclusif,proprietär,proprietario esclusivo,proprietário exclusivo,запатентованный собственнический,eigendomsrechtelijk
confidential,機密の（きみつの）,기밀의,机密的,機密的,ที่เป็นความลับ,confidencial,confidentiel,vertraulich,riservato,confidencial,конфиденциальный,vertrouwelijk
nondisclosure,秘密保持（ひみつほじ）,비밀 유지,保密,保密,การไม่เปิดเผยข้อมูล,no divulgación,non-divulgation,Geheimhaltung,riservatezza,não divulgação,неразглашение,geheimhouding
addendum,追加補遺（ついかほい）,부록 추가 조항,附录附加条款,附錄附加條款,เอกสารเพิ่มเติมแนบท้าย,anexo adenda,addendum,Nachtrag,addendum,adenda,дополнение,addendum
stipulation,規定条件（きていじょうけん）,명시 조건,规定条款,規定條款,ข้อกำหนดเงื่อนไข,estipulación,stipulation,Auflage Bestimmung,stipulazione clausola,estipulação,оговорка условие,beding voorwaarde
provision,規定条項（きていじょうこう）,조항 규정,条款规定,條款規定,บทบัญญัติข้อกำหนด,disposición cláusula,disposition clause,Bestimmung Klausel,disposizione,disposição cláusula,положение статья,bepaling
termination,契約終了（けいやくしゅうりょう）,계약 해지,终止,終止,การสิ้นสุดสัญญา,rescisión,résiliation,Kündigung Beendigung,risoluzione,rescisão,расторжение,beëindiging
renewal,更新（こうしん）,갱신,续约续期,續約續期,การต่ออายุ,renovación de contrato,renouvellement,Verlängerung,rinnovo,renovação contratual,продление,verlenging
escrow,エスクロー第三者預託,에스크로,第三方托管,第三方託管,การฝากทรัพย์กับคนกลาง,depósito en garantía,séquestre,Treuhandkonto,deposito a garanzia,caução em depósito,эскроу,derdengeldenrekening
refinance,借り換える（かりかえる）,재융자하다,再融资,再融資,รีไฟแนนซ์,refinanciar,refinancer,umschulden,rifinanziare,refinanciar,рефинансировать,herfinancieren
foreclosure,担保権実行（たんぽけんじっこう）,담보물 압류,丧失抵押品赎回权,喪失抵押品贖回權,การยึดทรัพย์จำนอง,ejecución hipotecaria,saisie immobilière,Zwangsvollstreckung,pignoramento,execução hipotecária,отчуждение заложенного имущества,gedwongen verkoop
remittance,送金（そうきん）,송금,汇款,匯款,การส่งเงิน,remesa,virement envoi de fonds,Überweisung,rimessa,remessa,денежный перевод,geldovermaking
transaction,取引処理（とりひきしょり）,거래,交易,交易,ธุรกรรม,transacción,transaction,Transaktion,transazione,transação,транзакция сделка,transactie
reconciliation,勘定照合（かんじょうしょうごう）,대사 조정,对账,對賬,การกระทบยอดบัญชี,conciliación bancaria,rapprochement comptable,Abstimmung,riconciliazione,reconciliação,сверка,afstemming
ledger,元帳（もとちょう）,원장,分类账,分類賬,บัญชีแยกประเภท,libro mayor,grand livre,Hauptbuch,libro mastro,livro-razão,бухгалтерская книга,grootboek
balance,残高収支（ざんだかしゅうし）,잔액,余额,餘額,ยอดคงเหลือ,saldo,solde,Kontostand Saldo,saldo,saldo,баланс остаток,saldo
credit,貸方信用（かしかたしんよう）,대변 신용,贷方信贷,貸方信貸,เครดิตยอดฝาก,crédito,crédit,Haben Kredit,credito,crédito,кредит,krediet
debit,借方（かりかた）,차변,借方,借方,เดบิตยอดหัก,débito,débit,Soll Lastschrift,debito addebito,débito,дебет,debet
negotiation,交渉（こうしょう）,협상,磋商,磋商,การเจรจาต่อรอง,negociación,négociation,Verhandlung,negoziazione,negociação,переговоры,onderhandeling
proposal,提案書（ていあんしょ）,제안서,提案书,提案書,ข้อเสนอ,propuesta,proposition,Geschäftsvorschlag,proposta commerciale,proposta,деловое предложение,voorstel
tender,入札（にゅうさつ）,입찰,投标,投標,การประกวดราคา,licitación,appel d'offres,Ausschreibung,gara d'appalto,concurso público,тендер,aanbesteding
bid,入札価格（にゅうさつかかく）,응찰 호가,出价竞标,出價競標,การเสนอราคา,puja oferta,offre enchère,Gebot,offerta d'asta,lance proposta,заявка ставка,bod
quotation,見積書（みつもりしょ）,견적서,报价单,報價單,ใบเสนอราคา,cotización,offre de prix,Preisangebot,quotazione,orçamento cotação,ценовое предложение,prijsopgave
voucher,商品券引換券（しょうひんけん）,상품권 바우처,代金券,代金券,บัตรกำนัล,vale cupón,bon d'échange,Gutschein,buono,vale,ваучер талон,tegoedbon
guarantee,確約保証（かくやくほしょう）,확약 보증,担保保证,擔保保證,คำรับรอง,garantía compromiso,caution garantie,Gewährleistung,garanzia impegno,garantia compromisso,поручительство,waarborg
stock,株式（かぶしき）,주식,股票,股票,หุ้น,acciones,action boursière,Aktie,azione,ação,акция,aandeel
bond,債券（さいけん）,채권,债券,債券,พันธบัตร,bono,obligation,Anleihe,obbligazione,obrigação título,облигация,obligatie
securities,有価証券（ゆうかしょうけん）,유가 증권,证券,證券,หลักทรัพย์,valores,titres financiers,Wertpapiere,titoli,títulos mobiliários,ценные бумаги,effecten
hedge,ヘッジリスク回避,헤지 위험 회피,对冲,對沖,การป้องกันความเสี่ยง,cobertura financiera,couverture financière,Absicherung,copertura finanziaria,cobertura de risco,хеджирование,afdekking
speculation,投機（とうき）,투기,投机,投機,การเก็งกำไร,especulación,spéculation,Spekulation,speculazione,especulação,спекуляция,speculatie
auditor,監査人（かんさにん）,감사인,审计员,審計員,ผู้สอบบัญชี,auditor,auditeur,Wirtschaftsprüfer,revisore dei conti,auditor,аудитор,accountant auditor
bookkeeping,簿記（ぼき）,부기,簿记,簿記,การทำบัญชี,teneduría de libros,tenue de livres,Buchführung,contabilità di base,escrituração,бухгалтерский учёт,administratie bijhouden
quarterly,四半期の（しはんきの）,분기별의,季度的,季度的,รายไตรมาส,trimestral,trimestriel,vierteljährlich,trimestrale,trimestral,квартальный,driemaandelijks
expenditure,支出（ししゅつ）,지출,支出,支出,รายจ่าย,gasto desembolso,dépenses budgétaires,Aufwendung,spesa uscita,dispêndio,затраты,bestedingen
insolvency,支払不能（しはらいふのう）,지급 불능,资不抵债,資不抵債,การล้มละลายทางการเงิน,insolvencia,insolvabilité,Zahlungsunfähigkeit,insolvenza,insolvência,неплатёжеспособность,insolventie
liquidation,清算（せいさん）,청산,清算,清算,การชำระบัญชี,liquidación,liquidation,Liquidation,liquidazione,liquidação,ликвидация,liquidatie
acquisition,企業買収（きぎょうばいしゅう）,인수,收购,收購,การเข้าซื้อกิจการ,adquisición,acquisition,Akquisition Erwerb,acquisizione,aquisição,поглощение приобретение,acquisitie
takeover,乗っ取り買収（のっとりばいしゅう）,경영권 인수,接管,接管,การครอบงำกิจการ,absorción empresarial,prise de contrôle,Übernahme,rilevamento,tomada de controlo,захват компании,overname
consolidation,統合合併（とうごうがっぺい）,통폐합,整合合并,整合合併,การรวมกิจการ,consolidación,consolidation,Konsolidierung,consolidamento,consolidação,консолидация,consolidatie
diversification,多角化（たかくか）,다각화,多元化,多元化,การกระจายธุรกิจ,diversificación,diversification,Diversifizierung,diversificazione,diversificação,диверсификация,diversificatie
downturn,景気後退局面（けいきこうたいきょくめん）,경기 하락,低迷下滑,低迷下滑,ภาวะขาลง,desaceleración,ralentissement,Abschwung,flessione,retração,спад,neergang
deflation,デフレ,디플레이션,通货紧缩,通貨緊縮,ภาวะเงินฝืด,deflación,déflation,Deflation,deflazione,deflação,дефляция,deflatie
stagnation,停滞（ていたい）,침체,停滞,停滯,ภาวะชะงักงัน,estancamiento,stagnation,Stagnation,stagnazione,estagnação,стагнация,stagnatie
cartel,カルテル,카르텔 담합,卡特尔,卡特爾,การรวมหัวผูกขาด,cártel,cartel,Kartell,cartello,cartel,картель,kartel
antitrust,独占禁止の（どくせんきんしの）,독점 금지의,反垄断的,反壟斷的,ต่อต้านการผูกขาด,antimonopolio,antitrust,kartellrechtlich,antitrust,antimonopólio,антимонопольный,antikartel
deregulation,規制緩和（きせいかんわ）,규제 완화,放松管制,放鬆管制,การผ่อนคลายกฎระเบียบ,desregulación,déréglementation,Deregulierung,deregolamentazione,desregulamentação,дерегулирование,deregulering
privatization,民営化（みんえいか）,민영화,私有化,私有化,การแปรรูปเป็นเอกชน,privatización,privatisation,Privatisierung,privatizzazione,privatização,приватизация,privatisering
nationalization,国有化（こくゆうか）,국유화,国有化,國有化,การโอนเป็นของรัฐ,nacionalización,nationalisation,Verstaatlichung,nazionalizzazione,nacionalização,национализация,nationalisatie
levy,課徴金（かちょうきん）,부과금,征收款,徵收款,การจัดเก็บภาษี,gravamen,prélèvement,Abgabe,imposta prelievo,imposto cobrado,сбор пошлина,heffing
excise,物品税（ぶっぴんぜい）,소비세,消费税,消費稅,ภาษีสรรพสามิต,impuesto especial,accise,Verbrauchssteuer,accisa,imposto especial de consumo,акциз,accijns
taxation,課税（かぜい）,과세,征税,徵稅,การเก็บภาษี,tributación,fiscalité,Besteuerung,tassazione,tributação,налогообложение,belastingheffing
exemption,免除（めんじょ）,면제,豁免,豁免,การยกเว้น,exención,exonération,Befreiung,esenzione,isenção,освобождение от налога,vrijstelling
rebate,払い戻し割戻金（はらいもどしわりもどしきん）,리베이트 환급,返利回扣,返利回扣,เงินคืนส่วนลด,reembolso parcial,ristourne,Rückvergütung,rimborso parziale,reembolso parcial,скидка возврат,korting achteraf
installment,分割払い（ぶんかつばらい）,할부,分期付款,分期付款,การผ่อนชำระ,pago a plazos,versement échelonné,Ratenzahlung,rata,prestação,рассрочка,termijnbetaling
collateral,担保物件（たんぽぶっけん）,담보물,抵押品,抵押品,หลักประกัน,garantía colateral,nantissement,Sicherheit Pfand,garanzia collaterale,garantia colateral,залог,onderpand
creditor,債権者（さいけんしゃ）,채권자,债权人,債權人,เจ้าหนี้,acreedor,créancier,Gläubiger,creditore,credor,кредитор,schuldeiser
debtor,債務者（さいむしゃ）,채무자,债务人,債務人,ลูกหนี้,deudor,débiteur,Schuldner,debitore,devedor,должник,schuldenaar
default,債務不履行（さいむふりこう）,채무 불이행,违约,違約,การผิดนัดชำระหนี้,impago incumplimiento,défaut de paiement,Zahlungsausfall,inadempienza,incumprimento,дефолт,wanbetaling
delinquency,滞納（たいのう）,연체,拖欠,拖欠,การค้างชำระ,morosidad,arriérés impayés,Zahlungsverzug,morosità,mora,просрочка платежа,betalingsachterstand
repayment,返済（へんさい）,상환,偿还,償還,การชำระคืน,reembolso del préstamo,remboursement d'emprunt,Rückzahlung,rimborso del prestito,reembolso do empréstimo,погашение,aflossing van schuld
interest,利子（りし）,이자,利息,利息,ดอกเบี้ย,interés,intérêts,Zinsen,interessi,juros,проценты,rente
principal,元本（がんぽん）,원금,本金,本金,เงินต้น,capital principal,capital emprunté,Kapitalbetrag,capitale,capital em dívida,основная сумма долга,hoofdsom
maturity,満期（まんき）,만기,到期,到期,วันครบกำหนด,vencimiento,échéance,Fälligkeit,scadenza del titolo,vencimento,срок погашения,vervaldag
coupon,クーポン利札,쿠폰 이표,息票优惠券,息票優惠券,คูปอง,cupón,coupon,Coupon,cedola,cupão,купон,coupon
underwriting,引受業務（ひきうけぎょうむ）,인수 업무,承销承保,承銷承保,การรับประกันการจัดจำหน่าย,aseguramiento de emisión,souscription,Emissionsgeschäft,sottoscrizione,subscrição,андеррайтинг,acceptatie
brokerage,仲介業（ちゅうかいぎょう）,중개업,经纪业务,經紀業務,ธุรกิจนายหน้า,corretaje,courtage,Maklergeschäft,intermediazione,corretagem,брокерские услуги,makelaardij
futures,先物取引（さきものとりひき）,선물 거래,期货,期貨,สัญญาซื้อขายล่วงหน้า,futuros,contrats à terme,Termingeschäfte,contratti futures,futuros,фьючерсы,termijncontracten
funding,資金提供（しきんていきょう）,자금 조달,资金筹措,資金籌措,การจัดหาเงินทุน,financiación,financement,Finanzierung,finanziamento,financiamento,финансирование,financiering
crowdfunding,クラウドファンディング,크라우드펀딩,众筹,眾籌,การระดมทุนสาธารณะ,micromecenazgo,financement participatif,Schwarmfinanzierung,raccolta fondi collettiva,financiamento coletivo,краудфандинг,crowdfunding
endowment,寄付基金（きふききん）,기부 기금,捐赠基金,捐贈基金,กองทุนบริจาค,dotación,dotation,Stiftungsvermögen,fondo di dotazione,dotação,эндаумент фонд,schenkingsfonds
sponsorship,スポンサー支援,후원,赞助,贊助,การเป็นผู้สนับสนุน,patrocinio,parrainage,Sponsoring,sponsorizzazione,patrocínio,спонсорство,sponsoring
donation,寄付（きふ）,기부,捐款,捐款,การบริจาค,donación,don caritatif,Spende,donazione,doação,пожертвование,donatie
philanthropy,慈善活動（じぜんかつどう）,자선 활동,慈善事业,慈善事業,การกุศล,filantropía,philanthropie,Philanthropie,filantropia,filantropia,филантропия,filantropie
allocation,配分（はいぶん）,배분,分配拨款,分配撥款,การจัดสรร,asignación,allocation répartition,Zuteilung,allocazione,alocação,распределение средств,toewijzing
appropriation,予算充当（よさんじゅうとう）,예산 책정,拨款,撥款,การจัดสรรงบประมาณ,partida presupuestaria,affectation budgétaire,Mittelbereitstellung,stanziamento,dotação orçamental,ассигнование,begrotingstoewijzing
disbursement,支払い実行（しはらいじっこう）,지급 집행,支付发放,支付發放,การเบิกจ่าย,desembolso,décaissement,Auszahlung,erogazione,desembolso,выплата,uitbetaling
remuneration,報酬（ほうしゅう）,보수,薪酬报酬,薪酬報酬,ค่าตอบแทน,remuneración,rémunération,Vergütung,remunerazione,remuneração,вознаграждение за труд,bezoldiging
compensation,補償対価（ほしょうたいか）,보상,补偿,補償,ค่าชดเชย,compensación,dédommagement,Entschädigungsleistung,compenso,compensação,компенсация,compensatie
perquisite,役得特典（やくとくとくてん）,임원 특전,额外补贴,額外補貼,สิทธิพิเศษของตำแหน่ง,beneficio adicional,avantage en nature,Vergünstigung,beneficio accessorio,regalia,привилегия льгота,emolument
honorarium,謝礼金（しゃれいきん）,사례금,酬金,酬金,ค่าตอบแทนวิทยากร,honorarios,honoraires,Honorar,onorario,honorário,гонорар,honorarium
gratuity,心付けチップ（こころづけ）,사례 팁,小费赏金,小費賞金,เงินรางวัลตอบแทน,propina gratificación,gratification pourboire,Trinkgeld Zuwendung,mancia gratifica,gratificação,чаевые наградные,fooi gratificatie
annuity,年金保険（ねんきんほけん）,연금 보험,年金,年金,เงินรายปี,anualidad renta,rente annuelle,Leibrente,rendita annua,anuidade renda,аннуитет,lijfrente
retirement,退職（たいしょく）,은퇴,退休生活,退休生活,การเกษียณอายุ,jubilación,retraite,Ruhestand,pensionamento,reforma aposentadoria,выход на пенсию,pensionering
recruitment,採用活動（さいようかつどう）,채용,人才招募,人才招募,การสรรหาบุคลากร,contratación reclutamiento,recrutement,Personalbeschaffung,reclutamento,recrutamento,подбор персонала,werving
headhunting,人材スカウト（じんざいスカウト）,헤드헌팅,猎头,獵頭,การล่าตัวผู้บริหาร,caza de talentos,chasse de têtes,Abwerbung von Führungskräften,ricerca di dirigenti,caça-talentos,хедхантинг,headhunting
vacancy,欠員求人（けついんきゅうじん）,공석 결원,职位空缺,職位空缺,ตำแหน่งงานว่าง,vacante,poste vacant,offene Stelle,posto vacante,vaga,вакансия,vacature
applicant,応募者（おうぼしゃ）,지원자,申请人,申請人,ผู้สมัคร,solicitante,candidat postulant,Bewerber,candidato richiedente,candidato requerente,соискатель,sollicitant
certification,資格認定（しかくにんてい）,자격 인증,认证,認證,การรับรองคุณสมบัติ,certificación,certification,Zertifizierung,certificazione,certificação,сертификация,certificering
competency,職務能力（しょくむのうりょく）,직무 역량,胜任能力,勝任能力,สมรรถนะ,competencia laboral,compétence professionnelle,Kompetenz,competenza,competência,компетенция,competentie
proficiency,熟達度（じゅくたつど）,숙련도,熟练程度,熟練程度,ความชำนาญ,dominio pericia,maîtrise,Beherrschung,padronanza,proficiência,уровень владения,vaardigheid
specialization,専門化（せんもんか）,전문화,专业化,專業化,ความเชี่ยวชาญเฉพาะทาง,especialización,spécialisation,Spezialisierung,specializzazione,especialização,специализация,specialisatie
delegation,権限委譲（けんげんいじょう）,권한 위임,授权委派,授權委派,การมอบหมายอำนาจ,delegación,délégation,Delegierung,delega,delegação,делегирование,delegatie
empowerment,権限付与（けんげんふよ）,권한 부여,赋权,賦權,การเสริมอำนาจ,empoderamiento,autonomisation,Befähigung,responsabilizzazione,capacitação,расширение полномочий,zelfbeschikking
supervision,監督管理（かんとくかんり）,감독,监督,監督,การกำกับดูแล,supervisión,supervision,Aufsicht,supervisione,supervisão,надзор,toezicht
oversight,監視統制（かんしとうせい）,관리 감독,监管疏忽,監管疏忽,การตรวจตรากำกับ,vigilancia supervisión,contrôle surveillance,Kontrolle Überwachung,vigilanza,fiscalização,контроль недосмотр,controle toezicht
coordination,調整連携（ちょうせいれんけい）,조정 조율,协调,協調,การประสานงาน,coordinación,coordination,Koordinierung,coordinamento,coordenação,координация,coördinatie
collaboration,協業（きょうぎょう）,협업,协作,協作,ความร่วมมือทำงาน,colaboración,collaboration,Zusammenarbeit,collaborazione,colaboração,сотрудничество,samenwerking
synergy,相乗効果（そうじょうこうか）,시너지,协同效应,協同效應,การผนึกกำลัง,sinergia,synergie,Synergie,sinergia,sinergia,синергия,synergie
teamwork,チームワーク,팀워크,团队合作,團隊合作,การทำงานเป็นทีม,trabajo en equipo,travail d'équipe,Teamarbeit,lavoro di squadra,trabalho em equipa,командная работа,teamwerk
deadlock,行き詰まり（いきづまり）,교착 상태,僵局,僵局,ทางตัน,punto muerto,impasse,Sackgasse Stillstand,punto morto,impasse,тупик,impasse
stalemate,膠着状態（こうちゃくじょうたい）,대치 상태,相持不下,相持不下,ภาวะคุมเชิง,estancamiento negociador,blocage,Patt,stallo,empate negocial,патовая ситуация,patstelling
concession,譲歩（じょうほ）,양보,让步,讓步,การยอมผ่อนปรน,concesión,concession,Zugeständnis,concessione,concessão cedência,уступка,concessie
ultimatum,最後通告（さいごつうこく）,최후통첩,最后通牒,最後通牒,คำขาด,ultimátum,ultimatum,Ultimatum,ultimatum,ultimato,ультиматум,ultimatum
arbitrator,仲裁人（ちゅうさいにん）,중재인,仲裁员,仲裁員,อนุญาโตตุลาการ,árbitro mediador,arbitre,Schiedsrichter Schlichter,arbitro,árbitro,арбитр,arbiter
mediator,調停者（ちょうていしゃ）,조정자,调解人,調解人,ผู้ไกล่เกลี่ย,mediador,médiateur,Vermittler,mediatore,mediador,посредник,bemiddelaar
facilitator,進行役（しんこうやく）,진행 촉진자,协调促进者,協調促進者,ผู้อำนวยความสะดวก,facilitador,facilitateur,Moderator Prozessbegleiter,facilitatore,facilitador,фасилитатор,facilitator
moderator,司会者（しかいしゃ）,사회자,主持人,主持人,ผู้ดำเนินรายการ,moderador,modérateur,Diskussionsleiter,moderatore,moderador,модератор,gespreksleider
liaison,連絡役（れんらくやく）,연락 담당,联络人,聯絡人,ผู้ประสานงาน,enlace,agent de liaison,Verbindungsperson,collegamento,elemento de ligação,связной координатор,contactpersoon
intermediary,仲介者（ちゅうかいしゃ）,중개인,中间人,中間人,คนกลาง,intermediario,intermédiaire,Mittelsmann,intermediario,intermediário,посредник агент,tussenpersoon
representative,代表者（だいひょうしゃ）,대표자,代表,代表,ตัวแทน,representante,représentant,Vertreter,rappresentante,representante,представитель,vertegenwoordiger
envoy,特使（とくし）,특사,特使,特使,ทูตพิเศษ,enviado,émissaire,Gesandter,inviato,enviado,посланник,gezant
ambassador,大使（たいし）,대사,大使,大使,เอกอัครราชทูต,embajador,ambassadeur,Botschafter,ambasciatore,embaixador,посол,ambassadeur
spokesperson,広報担当者（こうほうたんとうしゃ）,대변인,发言人,發言人,โฆษก,portavoz,porte-parole,Sprecher,portavoce,porta-voz,официальный представитель,woordvoerder
publicist,宣伝担当者（せんでんたんとうしゃ）,홍보 담당자,公关宣传员,公關宣傳員,นักประชาสัมพันธ์,publicista,attaché de presse,PR-Fachmann,addetto stampa,assessor de imprensa,пиарщик,publiciteitsagent
endorsement,推薦支持（すいせんしじ）,보증 추천,代言背书,代言背書,การรับรองสนับสนุน,respaldo aval,soutien caution,Befürwortung,avallo sostegno,endosso apoio,одобрение поддержка,aanbeveling steun
testimonial,推薦の言葉（すいせんのことば）,사용 후기 추천사,用户见证,用戶見證,คำรับรองจากผู้ใช้,testimonio de cliente,témoignage client,Kundenempfehlung,testimonianza,testemunho,отзыв клиента,klantgetuigenis
referral,紹介斡旋（しょうかいあっせん）,소개 추천,转介绍,轉介紹,การแนะนำบอกต่อ,recomendación referencia,recommandation orientation,Weiterempfehlung,segnalazione,indicação,реферал направление,doorverwijzing
clientele,顧客層（こきゃくそう）,고객층,客户群,客戶群,กลุ่มลูกค้า,clientela,clientèle,Kundschaft,clientela,clientela,клиентура,clientèle
patronage,愛顧引き立て（あいこひきたて）,단골 거래,惠顾,惠顧,การอุดหนุน,clientelismo mecenazgo,clientélisme fidélité,Kundschaft Gönnerschaft,patrocinio clientela,clientela habitual,покровительство,klandizie
loyalty,忠誠心（ちゅうせいしん）,충성도,忠诚度,忠誠度,ความภักดี,lealtad fidelidad,fidélité,Loyalität Treue,fedeltà,lealdade fidelidade,лояльность,loyaliteit
retention,顧客維持（こきゃくいじ）,고객 유지,客户保留,客戶保留,การรักษาลูกค้า,retención,rétention fidélisation,Kundenbindung,fidelizzazione,retenção,удержание клиентов,klantbehoud
churn,顧客離れ（こきゃくばなれ）,고객 이탈,客户流失,客戶流失,การสูญเสียลูกค้า,abandono de clientes,attrition clients,Kundenabwanderung,abbandono dei clienti,perda de clientes,отток клиентов,klantverloop
attrition,自然減少（しぜんげんしょう）,자연 감소,自然减员,自然減員,การลดจำนวนตามธรรมชาติ,desgaste natural,érosion des effectifs,natürlicher Schwund,logoramento,desgaste natural,естественная убыль,natuurlijk verloop
conversion,成約転換（せいやくてんかん）,전환,转化,轉化,การเปลี่ยนเป็นลูกค้า,conversión,conversion,Konversion Umwandlung,conversione,conversão,конверсия,conversie
engagement,顧客関与（こきゃくかんよ）,고객 참여,用户互动,用戶互動,การมีส่วนร่วมของลูกค้า,interacción compromiso,engagement client,Kundenbindung Interaktion,coinvolgimento,envolvimento,вовлечённость,betrokkenheid
outreach,働きかけ（はたらきかけ）,대외 활동,外联推广,外聯推廣,การเข้าถึงกลุ่มเป้าหมาย,divulgación proactiva,sensibilisation démarchage,Öffentlichkeitsarbeit,attività di sensibilizzazione,divulgação ativa,информационная работа,outreach benadering
prospecting,見込み客開拓（みこみきゃくかいたく）,잠재 고객 발굴,潜在客户开发,潛在客戶開發,การหาลูกค้าเป้าหมาย,prospección,prospection,Neukundengewinnung,ricerca di potenziali clienti,prospeção,поиск клиентов,prospectie
upselling,上位商品販売（じょういしょうひんはんばい）,상위 상품 판매,向上销售,向上銷售,การขายสินค้าราคาสูงขึ้น,venta adicional,montée en gamme,Zusatzverkauf,vendita di prodotti superiori,venda de gama superior,допродажа,upselling
bundling,セット販売（セットはんばい）,묶음 판매,捆绑销售,捆綁銷售,การขายเป็นชุด,venta en paquete,vente groupée,Bündelung,vendita abbinata,venda em pacote,пакетная продажа,bundeling
markdown,値下げ（ねさげ）,가격 인하,降价,降價,การลดราคาลง,rebaja de precio,démarque,Preissenkung,ribasso,redução de preço,уценка,afprijzing
clearance,在庫一掃（ざいこいっそう）,재고 정리,清仓,清倉,การล้างสต็อก,liquidación de existencias,liquidation de stock,Räumungsverkauf,svendita,liquidação de stock,распродажа,uitverkoop
branding,ブランド構築,브랜딩,品牌塑造,品牌塑造,การสร้างแบรนด์,creación de marca,image de marque,Markenbildung,costruzione del marchio,construção de marca,брендинг,merkopbouw
positioning,市場での位置付け（いちづけ）,포지셔닝,市场定位,市場定位,การวางตำแหน่งทางการตลาด,posicionamiento,positionnement,Positionierung,posizionamento,posicionamento,позиционирование,positionering
differentiation,差別化（さべつか）,차별화,差异化,差異化,การสร้างความแตกต่าง,diferenciación,différenciation,Differenzierung,differenziazione,diferenciação,дифференциация,differentiatie
segmentation,市場細分化（しじょうさいぶんか）,시장 세분화,市场细分,市場細分,การแบ่งส่วนตลาด,segmentación,segmentation,Segmentierung,segmentazione,segmentação,сегментация,segmentatie
targeting,標的設定（ひょうてきせってい）,타기팅,目标定向,目標定向,การกำหนดกลุ่มเป้าหมาย,segmentación de objetivos,ciblage,Zielgruppenansprache,definizione del target,direcionamento,таргетинг,doelgroepbepaling
demographics,人口統計属性（じんこうとうけいぞくせい）,인구 통계,人口统计特征,人口統計特徵,ข้อมูลประชากรศาสตร์,datos demográficos,données démographiques,demografische Daten,dati demografici,dados demográficos,демографические данные,demografische gegevens
analytics,分析データ活用（ぶんせきデータかつよう）,분석,数据分析,數據分析,การวิเคราะห์ข้อมูล,analítica,analytique,Datenanalyse,analisi dei dati,análise de dados,аналитика,data-analyse
benchmarking,他社比較分析（たしゃひかくぶんせき）,벤치마킹,标杆分析,標杆分析,การเทียบเคียงสมรรถนะ,evaluación comparativa,analyse comparative,Leistungsvergleich,analisi comparativa,análise comparativa,бенчмаркинг,benchmarking
optimization,最適化（さいてきか）,최적화,优化,優化,การเพิ่มประสิทธิภาพสูงสุด,optimización,optimisation,Optimierung,ottimizzazione,otimização,оптимизация,optimalisatie
streamlining,合理化効率化（ごうりかこうりつか）,업무 간소화,精简流程,精簡流程,การปรับกระบวนการให้กระชับ,racionalización,rationalisation,Verschlankung,snellimento,racionalização,упорядочение процессов,stroomlijning
automation,自動化（じどうか）,자동화,自动化,自動化,ระบบอัตโนมัติ,automatización,automatisation,Automatisierung,automazione,automação,автоматизация,automatisering
digitization,デジタル化,디지털화,数字化,數字化,การแปลงเป็นดิจิทัล,digitalización,numérisation,Digitalisierung,digitalizzazione,digitalização,цифровизация,digitalisering
disruption,創造的破壊（そうぞうてきはかい）,파괴적 혁신,颠覆,顛覆,การพลิกโฉมวงการ,disrupción,bouleversement disruptif,Umbruch Disruption,rivoluzione dirompente,disrupção,подрыв рынка,ontwrichting
scalability,拡張性（かくちょうせい）,확장성,可扩展性,可擴展性,ความสามารถในการขยาย,escalabilidad,évolutivité,Skalierbarkeit,scalabilità,escalabilidade,масштабируемость,schaalbaarheid
sustainability,持続可能性（じぞくかのうせい）,지속 가능성,可持续性,可持續性,ความยั่งยืน,sostenibilidad,durabilité,Nachhaltigkeit,sostenibilità,sustentabilidade,устойчивость развития,duurzaamheid
feasibility,実現可能性（じつげんかのうせい）,실현 가능성,可行性,可行性,ความเป็นไปได้,viabilidad factibilidad,faisabilité,Machbarkeit,fattibilità,viabilidade exequibilidade,осуществимость,haalbaarheid
viability,事業存続性（じぎょうそんぞくせい）,사업성,生存能力,生存能力,ความอยู่รอดของธุรกิจ,viabilidad comercial,viabilité,Lebensfähigkeit Rentabilität,vitalità economica,viabilidade económica,жизнеспособность,levensvatbaarheid
profitability,収益性（しゅうえきせい）,수익성,盈利能力,盈利能力,ความสามารถในการทำกำไร,rentabilidad,rentabilité,Rentabilität,redditività,rentabilidade,прибыльность,winstgevendheid
effectiveness,有効性（ゆうこうせい）,효과성,有效性,有效性,ประสิทธิผล,eficacia,efficacité,Wirksamkeit,efficacia,eficácia,результативность,doeltreffendheid
deliverable,成果物（せいかぶつ）,산출물,交付成果,交付成果,งานส่งมอบ,entregable,livrable,Arbeitsergebnis,prodotto da consegnare,entregável,результат работ,op te leveren product
specification,仕様書（しようしょ）,사양서 명세,规格说明,規格說明,ข้อกำหนดคุณลักษณะ,especificación,cahier des charges,Spezifikation,specifica,especificação,спецификация,specificatie
iteration,反復改善（はんぷくかいぜん）,반복 개선,迭代,迭代,การทำซ้ำปรับปรุง,iteración,itération,Iteration,iterazione,iteração,итерация,iteratie
rollout,段階的展開（だんかいてきてんかい）,단계적 출시,分阶段推出,分階段推出,การทยอยเปิดตัว,despliegue gradual,déploiement progressif,schrittweise Einführung,lancio graduale,lançamento faseado,поэтапное внедрение,gefaseerde uitrol
deployment,実運用配備（じつうんようはいび）,배포,部署,部署,การนำไปใช้งานจริง,implantación,mise en production,Bereitstellung,messa in produzione,implantação,развёртывание,implementatie-uitrol
implementation,導入実施（どうにゅうじっし）,구현 시행,实施,實施,การนำมาปฏิบัติ,implementación,mise en œuvre,Umsetzung,attuazione,implementação,внедрение,invoering
integration,統合連携（とうごうれんけい）,통합,集成整合,集成整合,การบูรณาการ,integración,intégration,Integration,integrazione,integração,интеграция,integratie
upgrade,機能向上（きのうこうじょう）,업그레이드,升级,升級,การยกระดับ,mejora actualización,mise à niveau,Aufrüstung,potenziamento,atualização melhoria,модернизация,opwaardering
troubleshooting,障害対応（しょうがいたいおう）,문제 해결,故障排除,故障排除,การแก้ไขปัญหาเฉพาะหน้า,resolución de problemas,dépannage,Fehlerbehebung,risoluzione dei problemi,resolução de problemas,устранение неполадок,probleemoplossing
diagnostics,診断（しんだん）,진단,诊断,診斷,การวินิจฉัยระบบ,diagnóstico,diagnostic,Diagnose,diagnostica,diagnóstico,диагностика,diagnostiek
contingency,不測の事態への備え（ふそくのじたい）,비상 대책,应急预案,應急預案,แผนฉุกเฉิน,contingencia,plan d'urgence,Notfallvorsorge,imprevisto emergenza,contingência,непредвиденные обстоятельства,noodplan
redundancy,冗長性（じょうちょうせい）,이중화 잉여,冗余,冗餘,ความซ้ำซ้อนสำรอง,redundancia,redondance,Redundanz,ridondanza,redundância,резервирование,redundantie
mitigation,リスク軽減（リスクけいげん）,위험 완화,缓解减轻,緩解減輕,การบรรเทาความเสี่ยง,mitigación,atténuation,Risikominderung,mitigazione,mitigação,снижение рисков,risicobeperking
escalation,上位報告段階的拡大（じょういほうこく）,단계적 확대 보고,升级上报,升級上報,การส่งต่อปัญหาขึ้นระดับ,escalamiento,remontée hiérarchique,Eskalation,inoltro ai superiori,escalonamento,эскалация,escalatie
prioritization,優先順位付け（ゆうせんじゅんいづけ）,우선순위 지정,优先排序,優先排序,การจัดลำดับความสำคัญ,priorización,hiérarchisation,Priorisierung,definizione delle priorità,priorização,расстановка приоритетов,prioritering
triage,優先度選別（ゆうせんどせんべつ）,우선 분류,分级处理,分級處理,การคัดแยกตามความเร่งด่วน,clasificación por urgencia,tri par priorité,Dringlichkeitseinstufung,smistamento per priorità,triagem,сортировка по срочности,triage
bottleneck,隘路ボトルネック（あいろ）,병목 현상,瓶颈,瓶頸,คอขวด,cuello de botella,goulot d'étranglement,Engpass,collo di bottiglia,estrangulamento,узкое место,knelpunt
dependency,依存関係（いぞんかんけい）,의존 관계,依赖关系,依賴關係,ความสัมพันธ์พึ่งพา,dependencia,dépendance,Abhängigkeit,dipendenza,dependência,зависимость,afhankelijkheid
roadmap,工程表ロードマップ（こうていひょう）,로드맵,路线图,路線圖,แผนงานระยะยาว,hoja de ruta,feuille de route,Fahrplan,tabella di marcia,roteiro estratégico,дорожная карта,routekaart
blueprint,基本計画設計図（きほんけいかく）,청사진,蓝图,藍圖,พิมพ์เขียว,plano maestro,plan directeur,Blaupause,progetto di massima,plano diretor,генеральный план,blauwdruk
directive,指示命令（しじめいれい）,지시 훈령,指令,指令,คำสั่งการ,directriz,directive,Weisung,direttiva,diretiva,директива,richtlijn
memorandum,社内覚書（しゃないおぼえがき）,사내 공문,备忘录,備忘錄,บันทึกข้อความ,memorando,note de service,Aktennotiz,memorandum,memorando,служебная записка,memorandum
circular,回覧文書（かいらんぶんしょ）,회람 문서,通告,通告,หนังสือเวียน,circular informativa,circulaire,Rundschreiben,circolare,circular informativa,циркуляр,circulaire
bulletin,公報告示（こうほうこくじ）,공보 게시,公告简报,公告簡報,ประกาศแถลงการณ์,boletín,bulletin,Mitteilungsblatt,bollettino,boletim,бюллетень,bulletin
dispatch,発送派遣（はっそうはけん）,발송 급파,发送派遣,發送派遣,การจัดส่งด่วน,despacho envío,envoi dépêche,Versand Entsendung,spedizione invio,expedição envio,отправление депеша,spoedzending
correspondence,業務通信文書（ぎょうむつうしん）,서신 왕래,商务信函,商務信函,จดหมายโต้ตอบ,correspondencia,correspondance commerciale,Schriftverkehr,corrispondenza,correspondência,деловая переписка,correspondentie
documentation,文書化資料（ぶんしょか）,문서화,文档记录,文檔記錄,เอกสารประกอบ,documentación,documentation,Dokumentation,documentazione,documentação,документация,documentatie
depot,配送拠点（はいそうきょてん）,물류 기지,仓储站,倉儲站,คลังพัสดุ,almacén de distribución,dépôt,Depot Lager,deposito merci,entreposto,склад база,depot
consignee,荷受人（にうけにん）,수하인,收货人,收貨人,ผู้รับตราส่ง,consignatario,destinataire,Empfänger Warenempfänger,destinatario merci,consignatário,грузополучатель,geadresseerde
manifest,積荷目録（つみにもくろく）,적하 목록,舱单,艙單,บัญชีรายการสินค้า,manifiesto de carga,manifeste,Ladungsverzeichnis,manifesto di carico,manifesto de carga,грузовой манифест,vrachtlijst
waybill,貨物運送状（かもつうんそうじょう）,화물 운송장,运单,運單,ใบตราส่งสินค้า,carta de porte,lettre de voiture,Frachtbrief,lettera di vettura,guia de transporte,транспортная накладная,vrachtbrief
incorporation,法人設立（ほうじんせつりつ）,법인 설립,公司注册成立,公司註冊成立,การจดทะเบียนบริษัท,constitución de sociedad,constitution en société,Firmengründung,costituzione societaria,constituição de sociedade,учреждение компании,oprichting van een vennootschap
affiliate,系列会社（けいれつがいしゃ）,계열사,关联公司,關聯公司,บริษัทในเครือข่าย,empresa afiliada,société affiliée,Partnerunternehmen,società affiliata,empresa afiliada,аффилированная компания,gelieerde onderneming
cooperative,協同組合（きょうどうくみあい）,협동조합,合作社,合作社,สหกรณ์,cooperativa,coopérative,Genossenschaft,cooperativa,cooperativa,кооператив,coöperatie
consortium,企業連合コンソーシアム,컨소시엄,财团联合体,財團聯合體,กลุ่มธุรกิจร่วมค้า,consorcio,consortium,Konsortium,consorzio,consórcio,консорциум,consortium
syndicate,シンジケート企業組合,신디케이트,辛迪加,辛迪加,องค์กรร่วมทุน,sindicato empresarial,syndicat financier,Syndikat,sindacato finanziario,sindicato financeiro,синдикат,syndicaat
trustee,受託者（じゅたくしゃ）,수탁자,受托人,受託人,ผู้ดูแลทรัพย์สิน,fideicomisario,fiduciaire,Treuhänder,fiduciario,fiduciário,доверительный управляющий,curator beheerder
receivership,管財人管理（かんざいにんかんり）,법정 관리,破产管理,破產管理,การพิทักษ์ทรัพย์,administración judicial,redressement judiciaire,Zwangsverwaltung,amministrazione controllata,administração judicial,конкурсное управление,curatele
quorum,定足数（ていそくすう）,의결 정족수,法定人数,法定人數,องค์ประชุม,quórum,quorum,Beschlussfähigkeit,quorum,quórum,кворум,quorum
resolution,決議（けつぎ）,결의,决议,決議,มติที่ประชุม,resolución acuerdo,résolution,Beschluss,delibera,deliberação,резолюция решение,besluit resolutie
bylaw,定款細則（ていかんさいそく）,정관 세칙,章程细则,章程細則,ข้อบังคับองค์กร,estatuto interno,règlement intérieur,Satzung,statuto interno,estatuto interno,устав внутренний регламент,statuten
charter,設立認可状（せつりつにんかじょう）,설립 인가서,特许状,特許狀,กฎบัตร,carta fundacional,charte,Gründungsurkunde,carta costitutiva,carta constitutiva,хартия учредительный акт,oprichtingsakte
prospectus,目論見書（もくろみしょ）,투자 설명서,招股说明书,招股說明書,หนังสือชี้ชวน,folleto de emisión,prospectus,Emissionsprospekt,prospetto informativo,prospeto,проспект эмиссии,prospectus
proxy,委任状代理人（いにんじょうだいりにん）,위임장 대리인,代理委托书,代理委託書,หนังสือมอบฉันทะ,poder de representación,procuration,Stimmrechtsvollmacht,procura,procuração,доверенность,volmacht
buyback,自社株買い（じしゃかぶがい）,자사주 매입,股票回购,股票回購,การซื้อหุ้นคืน,recompra de acciones,rachat d'actions,Aktienrückkauf,riacquisto di azioni,recompra de ações,обратный выкуп акций,inkoop van eigen aandelen
listing,株式上場（かぶしきじょうじょう）,상장,上市,上市,การจดทะเบียนในตลาดหลักทรัพย์,cotización en bolsa,cotation en bourse,Börsennotierung,quotazione in borsa,cotação em bolsa,листинг,beursnotering
delisting,上場廃止（じょうじょうはいし）,상장 폐지,退市,退市,การเพิกถอนจากตลาดหลักทรัพย์,exclusión de cotización,radiation de la cote,Delisting Börsenabgang,revoca dalla quotazione,exclusão da bolsa,делистинг,beursexit
flotation,新規株式公開（しんきかぶしきこうかい）,주식 공개,股票发行上市,股票發行上市,การเสนอขายหุ้นครั้งแรก,salida a bolsa,introduction en bourse,Börsengang,collocamento in borsa,entrada em bolsa,первичное размещение,beursgang
issuance,発行（はっこう）,발행,发行,發行,การออกตราสาร,emisión,émission,Ausgabe Emission,emissione,emissão,эмиссия выпуск,uitgifte
allotment,割当て（わりあて）,할당 배정,配股分配,配股分配,การจัดสรรหุ้น,adjudicación,attribution,Zuteilung von Aktien,assegnazione,atribuição,распределение акций,toewijzing van aandelen
redemption,償還（しょうかん）,상환 환매,赎回,贖回,การไถ่ถอน,rescate amortización,rachat remboursement,Rückzahlung Tilgung,riscatto,resgate,погашение выкуп,aflossing
custodian,資産管理機関（しさんかんりきかん）,수탁 관리 기관,托管人,託管人,ผู้รับฝากทรัพย์สิน,custodio,dépositaire,Verwahrstelle,depositario,depositário,кастодиан хранитель,bewaarder
beneficiary,受益者（じゅえきしゃ）,수익자,受益人,受益人,ผู้รับผลประโยชน์,beneficiario,bénéficiaire,Begünstigter,beneficiario,beneficiário,бенефициар,begunstigde
guarantor,保証人（ほしょうにん）,보증인,担保人,擔保人,ผู้ค้ำประกัน,garante avalista,garant,Bürge,garante,fiador,поручитель,borgsteller
surety,連帯保証（れんたいほしょう）,연대 보증,保证担保,保證擔保,หลักประกันค้ำจุน,fianza,caution solidaire,Bürgschaft,fideiussione,fiança,залоговое обеспечение,borgtocht
actuary,保険数理士（ほけんすうりし）,보험 계리사,精算师,精算師,นักคณิตศาสตร์ประกันภัย,actuario,actuaire,Versicherungsmathematiker,attuario,atuário,актуарий,actuaris
appraiser,鑑定士（かんていし）,감정 평가사,估价师,估價師,ผู้ประเมินราคา,tasador,expert évaluateur,Gutachter Schätzer,perito estimatore,avaliador,оценщик,taxateur
assessor,査定人（さていにん）,사정인 조사관,评估员,評估員,ผู้ประเมินภาษี,asesor evaluador,assesseur,Steuerschätzer,accertatore,perito avaliador,налоговый инспектор,belastinginspecteur
treasurer,財務責任者（ざいむせきにんしゃ）,재무 담당자,财务主管,財務主管,เหรัญญิก,tesorero,trésorier,Schatzmeister,tesoriere,tesoureiro,казначей,penningmeester
teller,銀行窓口係（ぎんこうまどぐちがかり）,은행 창구 직원,银行柜员,銀行櫃員,พนักงานรับฝากถอนเงิน,cajero de banco,guichetier,Bankangestellter am Schalter,cassiere di banca,caixa bancário,кассир банка,baliemedewerker
requisition,購入請求（こうにゅうせいきゅう）,구매 요청,请购单,請購單,ใบขอเบิก,solicitud de compra,demande d'achat,Bedarfsanforderung,richiesta di acquisto,requisição,заявка на закупку,aanvraagformulier
surcharge,追加料金（ついかりょうきん）,추가 요금,附加费,附加費,ค่าธรรมเนียมเพิ่มเติม,recargo,supplément majoration,Zuschlag,sovrapprezzo,sobretaxa,надбавка доплата,toeslag
overcharge,過剰請求（かじょうせいきゅう）,과다 청구,多收费,多收費,การเรียกเก็บเงินเกิน,cobro excesivo,surfacturation,überhöhte Berechnung,addebito eccessivo,cobrança excessiva,завышение цены,te veel in rekening brengen
haggling,値切り交渉（ねぎりこうしょう）,흥정,讨价还价,討價還價,การต่อรองราคา,regateo,marchandage,Feilschen,mercanteggiamento,regateio,торг,afdingen
bartering,物々交換（ぶつぶつこうかん）,물물 교환,以物易物,以物易物,การแลกเปลี่ยนสินค้า,trueque,troc,Tauschhandel,baratto,troca direta,бартер,ruilhandel
dumping,不当廉売（ふとうれんばい）,덤핑,倾销,傾銷,การทุ่มตลาด,dumping venta a pérdida,dumping,Dumping,vendita sottocosto,dumping,демпинг,dumping
demurrage,滞船料（たいせんりょう）,체선료,滞期费,滯期費,ค่าเสียเวลาเรือ,sobrestadía,surestaries,Liegegeld,controstallie,sobrestadia,демередж простой,overliggeld
forwarder,運送取扱業者（うんそうとりあつかいぎょうしゃ）,운송 주선업자,货运代理,貨運代理,ตัวแทนขนส่งสินค้า,transitario,transitaire,Spediteur,spedizioniere,transitário,экспедитор,expediteur
courier,宅配便業者（たくはいびんぎょうしゃ）,택배 업체,快递员,快遞員,พนักงานส่งเอกสารด่วน,mensajero,coursier,Kurier,corriere,estafeta,курьер,koerier
dispatcher,配車係（はいしゃがかり）,배차 담당자,调度员,調度員,พนักงานจัดส่งงาน,despachador,répartiteur,Disponent,addetto allo smistamento,despachante operacional,диспетчер,planner verzending
warehousing,倉庫保管業（そうこほかんぎょう）,창고 보관업,仓储,倉儲,การคลังสินค้า,almacenaje,entreposage,Lagerhaltung,stoccaggio,armazenagem,складирование,opslag magazijnbeheer
stockpiling,備蓄（びちく）,비축,囤积储备,囤積儲備,การกักตุนสำรอง,acopio,constitution de stocks,Vorratshaltung,accumulo di scorte,armazenamento de reservas,создание запасов,voorraadvorming
replenishment,補充（ほじゅう）,보충,补货,補貨,การเติมสินค้า,reposición,réapprovisionnement,Nachschub Auffüllung,rifornimento,reposição,пополнение запасов,aanvulling
refurbishment,改修再整備（かいしゅうさいせいび）,재정비,翻新整修,翻新整修,การปรับปรุงใหม่,reacondicionamiento,remise à neuf,Sanierung Aufarbeitung,riammodernamento,remodelação,реконструкция обновление,opknapbeurt
overhaul,全面的見直し（ぜんめんてきみなおし）,전면 정비,彻底检修,徹底檢修,การยกเครื่องปรับปรุง,revisión completa,révision complète,Generalüberholung,revisione generale,revisão geral,капитальный ремонт,grondige herziening
downtime,稼働停止時間（かどうていしじかん）,가동 중지 시간,停机时间,停機時間,เวลาหยุดทำงานของระบบ,tiempo de inactividad,temps d'arrêt,Ausfallzeit,tempo di inattività,tempo de inatividade,время простоя,uitvaltijd
throughput,処理能力（しょりのうりょく）,처리량,吞吐量,吞吐量,ปริมาณงานที่ประมวลได้,rendimiento de procesamiento,débit de production,Durchsatz,capacità di elaborazione,capacidade de processamento,пропускная способность,verwerkingscapaciteit
turnaround,業績回復転換（ぎょうせきかいふく）,실적 회복 반전,扭亏为盈周转,扭虧為盈周轉,การพลิกฟื้นกิจการ,recuperación empresarial,redressement,Trendwende Sanierung,risanamento aziendale,recuperação empresarial,оздоровление компании,ommekeer
backorder,入荷待ち注文（にゅうかまちちゅうもん）,이월 주문,延期交货订单,延期交貨訂單,คำสั่งซื้อค้างส่ง,pedido pendiente,commande en attente,Rückstandsauftrag,ordine inevaso,encomenda pendente,отложенный заказ,nabestelling
apportionment,按分配賦（あんぶんはいふ）,안분 배분,按比例分摊,按比例分攤,การแบ่งสันปันส่วน,prorrateo,répartition proportionnelle,anteilige Aufteilung,ripartizione proporzionale,rateio,пропорциональное распределение,evenredige verdeling
budgeting,予算編成（よさんへんせい）,예산 편성,预算编制,預算編制,การจัดทำงบประมาณ,elaboración de presupuestos,budgétisation,Budgetierung,definizione del budget,orçamentação,составление бюджета,budgettering
costing,原価計算（げんかけいさん）,원가 계산,成本核算,成本核算,การคำนวณต้นทุน,cálculo de costes,calcul des coûts,Kostenrechnung,calcolo dei costi,cálculo de custos,калькуляция себестоимости,kostenberekening
pricing,価格設定（かかくせってい）,가격 책정,定价,定價,การตั้งราคา,fijación de precios,tarification,Preisgestaltung,determinazione dei prezzi,fixação de preços,ценообразование,prijsstelling
billing,請求業務（せいきゅうぎょうむ）,청구 업무,开票收费,開票收費,การเรียกเก็บเงิน,facturación,facturation,Rechnungsstellung,fatturazione,faturação,выставление счетов,facturering
dunning,督促（とくそく）,대금 독촉,催款,催款,การทวงถามหนี้,reclamación de pagos,relance de paiement,Mahnwesen,sollecito di pagamento,cobrança insistente,напоминание о платеже,aanmaning
impairment,減損（げんそん）,손상 차손,减值,減值,การด้อยค่าของสินทรัพย์,deterioro de valor,dépréciation d'actif,Wertminderung,svalutazione per perdita di valore,imparidade,обесценение,bijzondere waardevermindering
depreciation,減価償却（げんかしょうきゃく）,감가상각,折旧,折舊,ค่าเสื่อมราคา,depreciación,dépréciation amortissement,Abschreibung,deprezzamento,depreciação,износ обесценивание,waardevermindering
accrual,発生主義計上（はっせいしゅぎけいじょう）,발생주의 계상,权责发生额,權責發生額,รายการค้างรับค้างจ่าย,devengo,comptabilité d'engagement,Rechnungsabgrenzung,rateo,acréscimo contabilístico,начисление,transitorische post
capitalization,資産計上資本化（しさんけいじょう）,자본화,资本化,資本化,การบันทึกเป็นทุน,capitalización,capitalisation,Kapitalisierung,capitalizzazione,capitalização,капитализация,kapitalisatie
divestiture,事業売却（じぎょうばいきゃく）,사업 매각,资产剥离,資產剝離,การขายกิจการออก,desinversión,cession d'activité,Veräußerung,dismissione,alienação de ativos,продажа активов,afstoting
spinoff,分社化（ぶんしゃか）,분사,分拆,分拆,การแยกบริษัทออกมา,escisión empresarial,scission,Ausgliederung,scorporo,cisão empresarial,выделение компании,afsplitsing
memo,メモ回覧メモ,업무 메모,便条备忘,便條備忘,บันทึกช่วยจำ,nota interna,note interne,Notiz,promemoria,nota interna,записка,notitie
minutes,議事録（ぎじろく）,회의록,会议记录,會議記錄,รายงานการประชุม,acta de reunión,procès-verbal,Sitzungsprotokoll,verbale di riunione,ata de reunião,протокол заседания,notulen
reimbursement,経費払い戻し（けいひはらいもどし）,경비 상환,报销,報銷,การเบิกคืนค่าใช้จ่าย,reembolso de gastos,remboursement de frais,Kostenerstattung,rimborso spese,reembolso de despesas,возмещение расходов,onkostenvergoeding
webinar,ウェビナー,웨비나,网络研讨会,網絡研討會,การสัมมนาออนไลน์,seminario web,webinaire,Webinar,seminario online,webinário,вебинар,webinar
convention,大会総会（たいかいそうかい）,컨벤션 대회,大会,大會,การประชุมใหญ่,convención,congrès,Tagung Kongress,congresso,convenção,съезд конвенция,congres
keynote,基調講演（きちょうこうえん）,기조연설,主题演讲,主題演講,ปาฐกถาหลัก,discurso principal,discours d'ouverture,Grundsatzrede,discorso di apertura,discurso de abertura,программная речь,keynotelezing
networking,人脈作り（じんみゃくづくり）,인맥 형성,人脉拓展,人脈拓展,การสร้างเครือข่าย,creación de contactos,réseautage,Netzwerken,creazione di contatti,criação de contactos,нетворкинг,netwerken
secondment,出向（しゅっこう）,파견 근무,借调,借調,การยืมตัวไปปฏิบัติงาน,adscripción temporal,détachement,Abordnung,distacco temporaneo,destacamento,командирование прикомандирование,detachering
furlough,一時帰休（いちじききゅう）,일시 휴직,强制休假,強制休假,การพักงานชั่วคราว,permiso forzoso,congé sans solde forcé,Zwangsurlaub,congedo forzato,licença sem vencimento,вынужденный отпуск,verplicht verlof
absenteeism,常習的欠勤（じょうしゅうてきけっきん）,상습 결근,旷工,曠工,การขาดงานเป็นนิจ,absentismo,absentéisme,Fehlzeiten,assenteismo,absentismo,абсентеизм прогулы,ziekteverzuim
punctuality,時間厳守（じかんげんしゅ）,시간 엄수,守时,守時,ความตรงต่อเวลา,puntualidad,ponctualité,Pünktlichkeit,puntualità,pontualidade,пунктуальность,stiptheid
grievance,苦情不服申し立て（くじょうふふく）,고충 불만,申诉不满,申訴不滿,ข้อร้องทุกข์,queja laboral,doléance réclamation,Beschwerde,rimostranza,queixa laboral,жалоба претензия,grief klacht
unionization,労働組合結成（ろうどうくみあいけっせい）,노조 결성,工会化,工會化,การรวมตัวเป็นสหภาพ,sindicalización,syndicalisation,gewerkschaftliche Organisierung,sindacalizzazione,sindicalização,объединение в профсоюз,vakbondsvorming
lockout,作業所閉鎖（さぎょうしょへいさ）,직장 폐쇄,停工闭厂,停工閉廠,การปิดงานงดจ้าง,cierre patronal,lock-out patronal,Aussperrung,serrata,encerramento patronal,локаут,uitsluiting
conciliation,斡旋調停（あっせんちょうてい）,알선 화해,调解和解,調解和解,การประนีประนอม,conciliación,conciliation,Schlichtung,conciliazione,conciliação,примирение,verzoening
ombudsman,苦情処理委員（くじょうしょりいいん）,옴부즈맨,监察专员,監察專員,ผู้ตรวจการ,defensor del pueblo,médiateur institutionnel,Ombudsmann,difensore civico,provedor de justiça,омбудсмен,ombudsman
notary,公証人（こうしょうにん）,공증인,公证人,公證人,ทนายรับรองเอกสาร,notario,notaire,Notar,notaio,notário,нотариус,notaris
deed,権利証書（けんりしょうしょ）,권리 증서,契据,契據,โฉนดตราสาร,escritura,acte notarié,Urkunde,atto notarile,escritura,правоустанавливающий документ,akte
lien,先取特権（さきどりとっけん）,유치권,留置权,留置權,สิทธิยึดหน่วง,derecho de retención,privilège gage,Pfandrecht,privilegio diritto di ritenzione,penhor direito de retenção,право удержания,retentierecht
waiver,権利放棄（けんりほうき）,권리 포기,弃权,棄權,การสละสิทธิ์,renuncia,renonciation,Verzichtserklärung,rinuncia,renúncia,отказ от права,afstandsverklaring
injunction,差止命令（さしとめめいれい）,금지 명령,禁制令,禁制令,คำสั่งห้ามของศาล,mandato judicial,injonction,einstweilige Verfügung,ingiunzione,injunção,судебный запрет,gerechtelijk bevel
subpoena,召喚状（しょうかんじょう）,소환장,传票,傳票,หมายเรียก,citación judicial,assignation à comparaître,Vorladung,citazione in giudizio,intimação,повестка в суд,dagvaarding
plaintiff,原告（げんこく）,원고,原告,原告,โจทก์,demandante,plaignant,Kläger,attore querelante,queixoso,истец,eiser
counterclaim,反訴（はんそ）,반소,反诉,反訴,การฟ้องแย้ง,contrademanda,demande reconventionnelle,Widerklage,domanda riconvenzionale,reconvenção,встречный иск,tegenvordering
damages,損害賠償金（そんがいばいしょうきん）,손해 배상금,损害赔偿金,損害賠償金,ค่าสินไหมทดแทน,indemnización por daños,dommages-intérêts,Schadensersatz,risarcimento danni,indemnização por danos,возмещение ущерба,schadevergoeding
restitution,原状回復返還（げんじょうかいふく）,원상 회복,归还赔还,歸還賠還,การคืนสู่สภาพเดิม,restitución,restitution,Wiedergutmachung,restituzione,restituição,реституция,teruggave restitutie
adjudication,裁定判決（さいていはんけつ）,재정 판결,裁决,裁決,การวินิจฉัยชี้ขาด,adjudicación fallo,décision judiciaire,gerichtliche Entscheidung,aggiudicazione giudiziale,adjudicação,вынесение решения,rechterlijke uitspraak
goodwill,営業権のれん（えいぎょうけん）,영업권,商誉,商譽,ค่าความนิยม,fondo de comercio,fonds commercial,Geschäftswert,avviamento,goodwill trespasse,деловая репутация гудвилл,goodwill
intangible,無形資産の（むけいしさんの）,무형의,无形的,無形的,ที่จับต้องไม่ได้,intangible,immatériel incorporel,immateriell,immateriale,intangível,нематериальный,immaterieel
solvent,支払能力のある（しはらいのうりょくのある）,지급 능력이 있는,有偿付能力的,有償付能力的,มีความสามารถชำระหนี้,solvente,solvable,zahlungsfähig,solvibile,solvente,платёжеспособный,solvabel
volatility,価格変動性（かかくへんどうせい）,변동성,波动性,波動性,ความผันผวน,volatilidad,volatilité,Volatilität,volatilità,volatilidade,волатильность,volatiliteit
devaluation,平価切下げ（へいかきりさげ）,평가 절하,货币贬值,貨幣貶值,การลดค่าเงิน,devaluación,dévaluation,Abwertung,svalutazione monetaria,desvalorização,девальвация,devaluatie
appreciation,価値上昇（かちじょうしょう）,가치 상승,升值,升值,การเพิ่มค่าของสินทรัพย์,apreciación revalorización,appréciation valorisation,Wertsteigerung,apprezzamento rivalutazione,valorização,удорожание рост стоимости,waardestijging
currency,通貨（つうか）,통화,货币,貨幣,สกุลเงิน,divisa moneda,devise monnaie,Währung,valuta,moeda divisa,валюта,valuta
forex,外国為替（がいこくかわせ）,외환,外汇,外匯,อัตราแลกเปลี่ยนเงินตราต่างประเทศ,mercado de divisas,marché des changes,Devisenhandel,mercato valutario,mercado cambial,форекс валютный рынок,valutahandel
withholding,源泉徴収（げんせんちょうしゅう）,원천 징수,预扣代缴,預扣代繳,การหักภาษี ณ ที่จ่าย,retención fiscal,retenue à la source,Quellensteuerabzug,ritenuta alla fonte,retenção na fonte,удержание налога,inhouding
payslip,給与明細書（きゅうよめいさいしょ）,급여 명세서,工资条,工資條,สลิปเงินเดือน,recibo de sueldo,bulletin de paie,Gehaltsabrechnungszettel,busta paga,recibo de vencimento,расчётный листок,loonstrook
timesheet,勤務時間記録表（きんむじかんきろくひょう）,근무 시간 기록표,工时表,工時表,ใบบันทึกเวลาทำงาน,hoja de horas,feuille de temps,Stundenzettel,foglio presenze,folha de horas,табель учёта времени,urenstaat
freelancer,フリーランサー,프리랜서,自由职业者,自由職業者,ผู้ประกอบอาชีพอิสระ,trabajador autónomo,travailleur indépendant,Freiberufler,libero professionista,freelancer,фрилансер,freelancer
contractor,請負業者（うけおいぎょうしゃ）,계약업자,承包商,承包商,ผู้รับเหมา,contratista,entrepreneur sous contrat,Auftragnehmer,appaltatore,empreiteiro,подрядчик,aannemer
consultant,コンサルタント,컨설턴트,顾问,顧問,ที่ปรึกษา,consultor,consultant,Berater,consulente,consultor,консультант,consultant adviseur
telecommuting,在宅勤務（ざいたくきんむ）,재택근무,远程办公,遠程辦公,การทำงานทางไกล,teletrabajo,télétravail,Telearbeit,telelavoro,teletrabalho,удалённая работа,thuiswerken
coworking,共用オフィス利用,공유 오피스 근무,共享办公,共享辦公,การใช้พื้นที่ทำงานร่วม,espacio de trabajo compartido,espace de travail partagé,gemeinschaftliches Arbeiten,spazio di lavoro condiviso,espaço de trabalho partilhado,коворкинг,coworking
ergonomics,人間工学（にんげんこうがく）,인체 공학,人体工程学,人體工程學,การยศาสตร์,ergonomía,ergonomie,Ergonomie,ergonomia,ergonomia,эргономика,ergonomie
burnout,燃え尽き症候群（もえつきしょうこうぐん）,번아웃,职业倦怠,職業倦怠,ภาวะหมดไฟ,agotamiento laboral,épuisement professionnel,Burnout Erschöpfung,esaurimento da lavoro,esgotamento profissional,выгорание,burn-out
brainstorming,ブレインストーミング,브레인스토밍,头脑风暴,頭腦風暴,การระดมสมอง,lluvia de ideas,remue-méninges,Brainstorming,tempesta di idee,chuva de ideias,мозговой штурм,brainstormen
pitch,売り込みプレゼン（うりこみプレゼン）,투자 설득 발표,推介演示,推介演示,การนำเสนอขายไอเดีย,presentación de venta,argumentaire de vente,Verkaufspräsentation,presentazione di vendita,apresentação de venda,питч презентация,pitch verkooppraatje
handout,配布資料（はいふしりょう）,배포 자료,讲义资料,講義資料,เอกสารแจก,folleto material,document distribué,Handzettel Unterlage,dispensa,material distribuído,раздаточный материал,hand-out
whiteboard,ホワイトボード,화이트보드,白板,白板,กระดานไวท์บอร์ด,pizarra blanca,tableau blanc,Whiteboard,lavagna bianca,quadro branco,маркерная доска,whiteboard
projector,プロジェクター,프로젝터,投影仪,投影儀,เครื่องฉายภาพ,proyector,vidéoprojecteur,Beamer Projektor,proiettore,projetor,проектор,beamer
videoconference,テレビ会議（テレビかいぎ）,화상 회의,视频会议,視頻會議,การประชุมทางวิดีโอ,videoconferencia,visioconférence,Videokonferenz,videoconferenza,videoconferência,видеоконференция,videovergadering
debrief,結果報告会（けっかほうこくかい）,결과 보고,任务汇报,任務匯報,การสรุปผลหลังงาน,sesión informativa posterior,débriefing,Nachbesprechung,resoconto finale,relatório pós-ação,разбор итогов,nabespreking
retrospective,振り返り会（ふりかえりかい）,회고,回顾总结,回顧總結,การทบทวนย้อนหลัง,retrospectiva,rétrospective,Rückblick Retrospektive,retrospettiva,retrospetiva,ретроспектива,terugblik
covenant,誓約条項（せいやくじょうこう）,서약 조항,契约条款,契約條款,ข้อผูกพันตามสัญญา,pacto contractual,clause restrictive,vertragliche Verpflichtung,patto vincolante,pacto contratual,ковенант обязательство,convenant
moonlighting,副業兼業（ふくぎょうけんぎょう）,부업 겸직,兼职副业,兼職副業,การทำงานเสริมนอกเวลา,pluriempleo,travail au noir cumul d'emplois,Nebentätigkeit,secondo lavoro,biscate segundo emprego,подработка,bijklussen
teleconference,電話会議（でんわかいぎ）,전화 회의,电话会议,電話會議,การประชุมทางไกล,teleconferencia,téléconférence,Telefonkonferenz,teleconferenza,teleconferência,телеконференция,teleconferentie
icebreaker,場を和ませる話題（ばをなごませる）,어색함을 깨는 활동,破冰活动,破冰活動,กิจกรรมละลายพฤติกรรม,rompehielos,brise-glace,Eisbrecher Auflockerung,rompighiaccio,quebra-gelo,разминка для знакомства,ijsbreker
slideshow,スライド資料,슬라이드 자료,幻灯片,幻燈片,สไลด์นำเสนอ,presentación de diapositivas,diaporama,Diashow Präsentation,presentazione di diapositive,apresentação de diapositivos,слайд-шоу презентация,diavoorstelling
due diligence,資産査定精査（しさんさていせいさ）,기업 실사,尽职调查,盡職調查,การตรวจสอบสถานะกิจการ,diligencia debida,audit préalable,Sorgfaltsprüfung,verifica preventiva,diligência devida,комплексная проверка,boekenonderzoek
cash flow,資金繰り現金収支（しきんぐり）,현금 흐름,现金流,現金流,กระแสเงินสด,flujo de caja,flux de trésorerie,Cashflow Geldfluss,flusso di cassa,fluxo de caixa,денежный поток,kasstroom
working capital,運転資金（うんてんしきん）,운전 자본,营运资金,營運資金,เงินทุนหมุนเวียน,capital circulante,fonds de roulement,Betriebskapital,capitale circolante,fundo de maneio,оборотный капитал,werkkapitaal
fixed asset,固定資産（こていしさん）,고정 자산,固定资产,固定資產,สินทรัพย์ถาวร,activo fijo,immobilisation,Anlagevermögen,immobilizzazione,ativo fixo,основные средства,vast actief
break-even,損益分岐（そんえきぶんき）,손익 분기,盈亏平衡,盈虧平衡,จุดคุ้มทุน,punto de equilibrio,seuil de rentabilité,Gewinnschwelle,punto di pareggio,ponto de equilíbrio,точка безубыточности,break-evenpunt
payback,投資回収（とうしかいしゅう）,투자 회수,投资回收,投資回收,การคืนทุน,recuperación de la inversión,retour sur mise,Amortisationszeit,recupero dell'investimento,retorno do investimento,окупаемость,terugverdientijd
blue chip,優良株（ゆうりょうかぶ）,우량주,蓝筹股,藍籌股,หุ้นชั้นดี,valor de primera clase,valeur vedette,Standardwert,titolo di prim'ordine,ação de primeira linha,голубая фишка,topaandeel
bull market,強気相場（つよきそうば）,강세장,牛市,牛市,ตลาดกระทิง,mercado alcista,marché haussier,Hausse Bullenmarkt,mercato rialzista,mercado em alta,бычий рынок,stijgende markt
bear market,弱気相場（よわきそうば）,약세장,熊市,熊市,ตลาดหมี,mercado bajista,marché baissier,Baisse Bärenmarkt,mercato ribassista,mercado em baixa,медвежий рынок,dalende markt
exchange rate,為替レート（かわせレート）,환율,汇率,匯率,อัตราแลกเปลี่ยน,tipo de cambio,taux de change,Wechselkurs,tasso di cambio,taxa de câmbio,обменный курс,wisselkoers
fringe benefit,付加給付（ふかきゅうふ）,부가 급여 혜택,附加福利,附加福利,สวัสดิการเพิ่มเติม,beneficio complementario,avantage annexe,Zusatzleistung,beneficio accessorio aziendale,benefício adicional,дополнительная льгота,secundaire arbeidsvoorwaarde
team building,チーム作り,팀워크 강화 활동,团队建设,團隊建設,กิจกรรมสร้างทีม,fortalecimiento de equipo,cohésion d'équipe,Teambildung,costruzione del team,formação de equipa,тимбилдинг,teambuilding
gig economy,単発請負経済（たんぱつうけおいけいざい）,긱 이코노미,零工经济,零工經濟,เศรษฐกิจงานอิสระ,economía de trabajos temporales,économie des petits boulots,Gig-Ökonomie,economia dei lavoretti,economia de biscates,гиг-экономика,kluseconomie
town hall,全社集会（ぜんしゃしゅうかい）,전체 직원 간담회,全员大会,全員大會,การประชุมพนักงานทั้งหมด,asamblea general de empresa,réunion plénière d'entreprise,Betriebsversammlung,assemblea aziendale,reunião geral da empresa,общее собрание,personeelsbijeenkomst
follow-up,事後対応（じごたいおう）,후속 조치,后续跟进,後續跟進,การติดตามผล,seguimiento,suivi,Nachverfolgung,seguito follow-up,acompanhamento,последующие действия,opvolging
standup,朝会短時間会議（あさかい）,스탠드업 회의,站立例会,站立例會,การประชุมสั้นประจำวัน,reunión diaria breve,réunion debout,Kurzbesprechung im Stehen,riunione veloce quotidiana,reunião rápida diária,короткая летучка,dagelijkse korte meeting
offsite,社外研修会（しゃがいけんしゅうかい）,사외 워크숍,外部集训,外部集訓,การประชุมนอกสถานที่,jornada fuera de la oficina,séminaire hors site,externe Klausurtagung,riunione fuori sede,reunião fora do escritório,выездное совещание,externe teamdag
